,Stn Code,Sampling Date,State,City/Town/Village/Area,Location of Monitoring Station,Agency,Type of Location,SO2,NO2,RSPM/PM10,SPM,PM 2.5
0,38,2010-05-01,Tamil Nadu,Chennai,"Kathivakkam, Municipal Kalyana Mandapam, Chennai",Tamilnadu State Pollution Control Board,Industrial Area,9.6,17.16666667,73.33333333,149.6666667,
1,38,2010-07-01,Tamil Nadu,Chennai,"Kathivakkam, Municipal Kalyana Mandapam, Chennai",Tamilnadu State Pollution Control Board,Industrial Area,11.15,20.28333333,61.33333333,150.3333333,
2,38,2010-12-01,Tamil Nadu,Chennai,"Kathivakkam, Municipal Kalyana Mandapam, Chennai",Tamilnadu State Pollution Control Board,Industrial Area,12.45,20.51666667,75.0,114.6666667,
3,38,2010-01-19,Tamil Nadu,Chennai,"Kathivakkam, Municipal Kalyana Mandapam, Chennai",Tamilnadu State Pollution Control Board,Industrial Area,10.75,18.18333333,120.0,197.6666667,
4,38,2010-01-21,Tamil Nadu,Chennai,"Kathivakkam, Municipal Kalyana Mandapam, Chennai",Tamilnadu State Pollution Control Board,Industrial Area,9.78,17.32,96.5,216.0,
5,38,2010-01-28,Tamil Nadu,Chennai,"Kathivakkam, Municipal Kalyana Mandapam, Chennai",Tamilnadu State Pollution Control Board,Industrial Area,17.11666667,20.86666667,81.33333333,159.3333333,
6,38,2010-02-02,Tamil Nadu,Chennai,"Kathivakkam, Municipal Kalyana Mandapam, Chennai",Tamilnadu State Pollution Control Board,Industrial Area,11.48333333,20.66666667,82.33333333,185.6666667,
7,38,2010-04-02,Tamil Nadu,Chennai,"Kathivakkam, Municipal Kalyana Mandapam, Chennai",Tamilnadu State Pollution Control Board,Industrial Area,10.93333333,18.65,79.0,179.3333333,
8,38,2010-09-02,Tamil Nadu,Chennai,"Kathivakkam, Municipal Kalyana Mandapam, Chennai",Tamilnadu State Pollution Control Board,Industrial Area,11.36666667,19.5,96.66666667,181.3333333,
9,38,2010-11-02,Tamil Nadu,Chennai,"Kathivakkam, Municipal Kalyana Mandapam, Chennai",Tamilnadu State Pollution Control Board,Industrial Area,11.16666667,18.38333333,52.66666667,125.6666667,
10,38,2010-02-16,Tamil Nadu,Chennai,"Kathivakkam, Municipal Kalyana Mandapam, Chennai",Tamilnadu State Pollution Control Board,Industrial Area,10.18333333,18.63333333,50.66666667,128.3333333,
11,38,2010-02-18,Tamil Nadu,Chennai,"Kathivakkam, Municipal Kalyana Mandapam, Chennai",Tamilnadu State Pollution Control Board,Industrial Area,11.56666667,21.48333333,85.0,157.0,
12,38,2010-02-23,Tamil Nadu,Chennai,"Kathivakkam, Municipal Kalyana Mandapam, Chennai",Tamilnadu State Pollution Control Board,Industrial Area,11.55,19.78333333,88.66666667,272.3333333,
13,38,2010-02-25,Tamil Nadu,Chennai,"Kathivakkam, Municipal Kalyana Mandapam, Chennai",Tamilnadu State Pollution Control Board,Industrial Area,14.71666667,22.33333333,83.0,197.3333333,
14,38,2010-02-03,Tamil Nadu,Chennai,"Kathivakkam, Municipal Kalyana Mandapam, Chennai",Tamilnadu State Pollution Control Board,Industrial Area,9.633333333,16.61666667,94.66666667,193.3333333,
15,38,2010-04-03,Tamil Nadu,Chennai,"Kathivakkam, Municipal Kalyana Mandapam, Chennai",Tamilnadu State Pollution Control Board,Industrial Area,11.38333333,16.58333333,118.3333333,335.3333333,
16,38,2010-09-03,Tamil Nadu,Chennai,"Kathivakkam, Municipal Kalyana Mandapam, Chennai",Tamilnadu State Pollution Control Board,Industrial Area,12.7,22.13333333,56.0,173.6666667,
17,38,2010-11-03,Tamil Nadu,Chennai,"Kathivakkam, Municipal Kalyana Mandapam, Chennai",Tamilnadu State Pollution Control Board,Industrial Area,8.65,14.36666667,53.33333333,107.3333333,
18,38,2010-03-18,Tamil Nadu,Chennai,"Kathivakkam, Municipal Kalyana Mandapam, Chennai",Tamilnadu State Pollution Control Board,Industrial Area,11.71666667,19.36666667,69.66666667,167.3333333,
19,38,2010-03-23,Tamil Nadu,Chennai,"Kathivakkam, Municipal Kalyana Mandapam, Chennai",Tamilnadu State Pollution Control Board,Industrial Area,10.18333333,16.6,111.0,298.6666667,
20,38,2010-03-25,Tamil Nadu,Chennai,"Kathivakkam, Municipal Kalyana Mandapam, Chennai",Tamilnadu State Pollution Control Board,Industrial Area,11.41666667,20.15,58.0,222.3333333,
21,38,2010-03-30,Tamil Nadu,Chennai,"Kathivakkam, Municipal Kalyana Mandapam, Chennai",Tamilnadu State Pollution Control Board,Industrial Area,15.35,20.5,67.66666667,279.3333333,
22,38,2010-01-04,Tamil Nadu,Chennai,"Kathivakkam, Municipal Kalyana Mandapam, Chennai",Tamilnadu State Pollution Control Board,Industrial Area,9.316666667,17.31666667,88.0,253.0,
23,38,2010-06-04,Tamil Nadu,Chennai,"Kathivakkam, Municipal Kalyana Mandapam, Chennai",Tamilnadu State Pollution Control Board,Industrial Area,10.15,16.68333333,61.66666667,214.3333333,
24,38,2010-08-04,Tamil Nadu,Chennai,"Kathivakkam, Municipal Kalyana Mandapam, Chennai",Tamilnadu State Pollution Control Board,Industrial Area,10.65,18.25,42.66666667,128.0,
25,38,2010-04-13,Tamil Nadu,Chennai,"Kathivakkam, Municipal Kalyana Mandapam, Chennai",Tamilnadu State Pollution Control Board,Industrial Area,10.55,16.88333333,39.0,174.0,
26,38,2010-04-15,Tamil Nadu,Chennai,"Kathivakkam, Municipal Kalyana Mandapam, Chennai",Tamilnadu State Pollution Control Board,Industrial Area,10.3,18.08333333,48.66666667,144.0,
27,38,2010-04-20,Tamil Nadu,Chennai,"Kathivakkam, Municipal Kalyana Mandapam, Chennai",Tamilnadu State Pollution Control Board,Industrial Area,10.3,18.96666667,43.33333333,271.6666667,
28,38,2010-04-22,Tamil Nadu,Chennai,"Kathivakkam, Municipal Kalyana Mandapam, Chennai",Tamilnadu State Pollution Control Board,Industrial Area,15.8,22.38333333,86.66666667,248.0,
29,38,2010-04-27,Tamil Nadu,Chennai,"Kathivakkam, Municipal Kalyana Mandapam, Chennai",Tamilnadu State Pollution Control Board,Industrial Area,12.13333333,21.4,58.66666667,169.6666667,
30,38,2010-04-29,Tamil Nadu,Chennai,"Kathivakkam, Municipal Kalyana Mandapam, Chennai",Tamilnadu State Pollution Control Board,Industrial Area,10.1,19.16666667,46.33333333,155.3333333,
31,38,2010-04-05,Tamil Nadu,Chennai,"Kathivakkam, Municipal Kalyana Mandapam, Chennai",Tamilnadu State Pollution Control Board,Industrial Area,10.3,17.53333333,57.0,145.6666667,
32,38,2010-06-05,Tamil Nadu,Chennai,"Kathivakkam, Municipal Kalyana Mandapam, Chennai",Tamilnadu State Pollution Control Board,Industrial Area,10.7,18.71666667,79.66666667,169.6666667,
33,38,2010-11-05,Tamil Nadu,Chennai,"Kathivakkam, Municipal Kalyana Mandapam, Chennai",Tamilnadu State Pollution Control Board,Industrial Area,10.95,18.9,161.3333333,296.3333333,
34,38,2010-05-18,Tamil Nadu,Chennai,"Kathivakkam, Municipal Kalyana Mandapam, Chennai",Tamilnadu State Pollution Control Board,Industrial Area,9.02,15.64,74.33333333,212.6666667,
35,38,2010-05-20,Tamil Nadu,Chennai,"Kathivakkam, Municipal Kalyana Mandapam, Chennai",Tamilnadu State Pollution Control Board,Industrial Area,11.91666667,21.65,62.66666667,139.6666667,
36,38,2010-05-25,Tamil Nadu,Chennai,"Kathivakkam, Municipal Kalyana Mandapam, Chennai",Tamilnadu State Pollution Control Board,Industrial Area,9.816666667,16.4,89.33333333,211.3333333,
37,38,2010-05-27,Tamil Nadu,Chennai,"Kathivakkam, Municipal Kalyana Mandapam, Chennai",Tamilnadu State Pollution Control Board,Industrial Area,14.71666667,23.45,68.33333333,211.6666667,
38,38,2010-01-06,Tamil Nadu,Chennai,"Kathivakkam, Municipal Kalyana Mandapam, Chennai",Tamilnadu State Pollution Control Board,Industrial Area,9.266666667,12.73333333,89.33333333,218.3333333,
39,38,2010-03-06,Tamil Nadu,Chennai,"Kathivakkam, Municipal Kalyana Mandapam, Chennai",Tamilnadu State Pollution Control Board,Industrial Area,13.53333333,22.21666667,86.0,225.0,
40,38,2010-08-06,Tamil Nadu,Chennai,"Kathivakkam, Municipal Kalyana Mandapam, Chennai",Tamilnadu State Pollution Control Board,Industrial Area,11.63333333,20.43333333,61.0,243.3333333,
41,38,2010-10-06,Tamil Nadu,Chennai,"Kathivakkam, Municipal Kalyana Mandapam, Chennai",Tamilnadu State Pollution Control Board,Industrial Area,12.38333333,20.51666667,73.66666667,136.6666667,
42,38,2010-06-15,Tamil Nadu,Chennai,"Kathivakkam, Municipal Kalyana Mandapam, Chennai",Tamilnadu State Pollution Control Board,Industrial Area,11.6,19.38333333,74.0,171.0,
43,38,2010-06-17,Tamil Nadu,Chennai,"Kathivakkam, Municipal Kalyana Mandapam, Chennai",Tamilnadu State Pollution Control Board,Industrial Area,14.01666667,24.5,95.0,232.3333333,
44,38,2010-06-22,Tamil Nadu,Chennai,"Kathivakkam, Municipal Kalyana Mandapam, Chennai",Tamilnadu State Pollution Control Board,Industrial Area,9.966666667,16.91666667,43.66666667,141.3333333,
45,38,2010-06-24,Tamil Nadu,Chennai,"Kathivakkam, Municipal Kalyana Mandapam, Chennai",Tamilnadu State Pollution Control Board,Industrial Area,10.7,18.86666667,79.0,220.0,
46,38,2010-06-29,Tamil Nadu,Chennai,"Kathivakkam, Municipal Kalyana Mandapam, Chennai",Tamilnadu State Pollution Control Board,Industrial Area,8.983333333,15.35,67.0,136.3333333,
47,38,2010-01-07,Tamil Nadu,Chennai,"Kathivakkam, Municipal Kalyana Mandapam, Chennai",Tamilnadu State Pollution Control Board,Industrial Area,9.066666667,15.33333333,81.0,165.3333333,
48,38,2010-06-07,Tamil Nadu,Chennai,"Kathivakkam, Municipal Kalyana Mandapam, Chennai",Tamilnadu State Pollution Control Board,Industrial Area,12.78333333,21.2,90.66666667,203.3333333,
49,38,2010-08-07,Tamil Nadu,Chennai,"Kathivakkam, Municipal Kalyana Mandapam, Chennai",Tamilnadu State Pollution Control Board,Industrial Area,12.6,20.21666667,55.0,83.33333333,
50,38,2010-07-13,Tamil Nadu,Chennai,"Kathivakkam, Municipal Kalyana Mandapam, Chennai",Tamilnadu State Pollution Control Board,Industrial Area,10.05,17.5,75.0,167.3333333,
51,38,2010-07-15,Tamil Nadu,Chennai,"Kathivakkam, Municipal Kalyana Mandapam, Chennai",Tamilnadu State Pollution Control Board,Industrial Area,8.816666667,15.13333333,59.33333333,180.3333333,
52,38,2010-07-20,Tamil Nadu,Chennai,"Kathivakkam, Municipal Kalyana Mandapam, Chennai",Tamilnadu State Pollution Control Board,Industrial Area,10.45,15.96666667,56.66666667,96.0,
53,38,2010-07-22,Tamil Nadu,Chennai,"Kathivakkam, Municipal Kalyana Mandapam, Chennai",Tamilnadu State Pollution Control Board,Industrial Area,11.3,19.11666667,99.66666667,215.3333333,
54,38,2010-07-27,Tamil Nadu,Chennai,"Kathivakkam, Municipal Kalyana Mandapam, Chennai",Tamilnadu State Pollution Control Board,Industrial Area,13.45,22.3,87.66666667,221.6666667,
55,38,2010-07-29,Tamil Nadu,Chennai,"Kathivakkam, Municipal Kalyana Mandapam, Chennai",Tamilnadu State Pollution Control Board,Industrial Area,11.15,18.93333333,48.66666667,136.6666667,
56,38,2010-03-08,Tamil Nadu,Chennai,"Kathivakkam, Municipal Kalyana Mandapam, Chennai",Tamilnadu State Pollution Control Board,Industrial Area,10.3,18.12,91.33333333,231.0,
57,38,2010-05-08,Tamil Nadu,Chennai,"Kathivakkam, Municipal Kalyana Mandapam, Chennai",Tamilnadu State Pollution Control Board,Industrial Area,9.866666667,16.55,65.33333333,181.3333333,
58,38,2010-10-08,Tamil Nadu,Chennai,"Kathivakkam, Municipal Kalyana Mandapam, Chennai",Tamilnadu State Pollution Control Board,Industrial Area,9.716666667,16.66666667,93.33333333,227.0,
59,38,2010-12-08,Tamil Nadu,Chennai,"Kathivakkam, Municipal Kalyana Mandapam, Chennai",Tamilnadu State Pollution Control Board,Industrial Area,8.816666667,14.75,85.66666667,191.3333333,
60,38,2010-08-17,Tamil Nadu,Chennai,"Kathivakkam, Municipal Kalyana Mandapam, Chennai",Tamilnadu State Pollution Control Board,Industrial Area,13.46666667,23.38333333,54.66666667,119.0,
61,38,2010-08-19,Tamil Nadu,Chennai,"Kathivakkam, Municipal Kalyana Mandapam, Chennai",Tamilnadu State Pollution Control Board,Industrial Area,10.55,15.38333333,133.6666667,175.0,
62,38,2010-08-24,Tamil Nadu,Chennai,"Kathivakkam, Municipal Kalyana Mandapam, Chennai",Tamilnadu State Pollution Control Board,Industrial Area,10.43333333,18.01666667,46.66666667,62.66666667,
63,38,2010-08-26,Tamil Nadu,Chennai,"Kathivakkam, Municipal Kalyana Mandapam, Chennai",Tamilnadu State Pollution Control Board,Industrial Area,9.916666667,16.53333333,69.0,151.6666667,
64,38,2010-08-31,Tamil Nadu,Chennai,"Kathivakkam, Municipal Kalyana Mandapam, Chennai",Tamilnadu State Pollution Control Board,Industrial Area,14.13333333,20.63333333,49.66666667,118.6666667,
65,38,2010-02-09,Tamil Nadu,Chennai,"Kathivakkam, Municipal Kalyana Mandapam, Chennai",Tamilnadu State Pollution Control Board,Industrial Area,11.33333333,17.41666667,52.33333333,160.0,
66,38,2010-09-09,Tamil Nadu,Chennai,"Kathivakkam, Municipal Kalyana Mandapam, Chennai",Tamilnadu State Pollution Control Board,Industrial Area,9.366666667,15.65,85.33333333,234.6666667,
67,38,2010-09-14,Tamil Nadu,Chennai,"Kathivakkam, Municipal Kalyana Mandapam, Chennai",Tamilnadu State Pollution Control Board,Industrial Area,11.36666667,19.06666667,63.0,165.0,
68,38,2010-09-16,Tamil Nadu,Chennai,"Kathivakkam, Municipal Kalyana Mandapam, Chennai",Tamilnadu State Pollution Control Board,Industrial Area,8.816666667,15.33333333,42.66666667,136.0,
69,38,2010-09-21,Tamil Nadu,Chennai,"Kathivakkam, Municipal Kalyana Mandapam, Chennai",Tamilnadu State Pollution Control Board,Industrial Area,11.75,19.26666667,85.66666667,135.3333333,
70,38,2010-09-23,Tamil Nadu,Chennai,"Kathivakkam, Municipal Kalyana Mandapam, Chennai",Tamilnadu State Pollution Control Board,Industrial Area,12.96666667,16.6,64.66666667,149.3333333,
71,38,2010-09-28,Tamil Nadu,Chennai,"Kathivakkam, Municipal Kalyana Mandapam, Chennai",Tamilnadu State Pollution Control Board,Industrial Area,8.7,12.85,29.33333333,79.0,
72,38,2010-09-30,Tamil Nadu,Chennai,"Kathivakkam, Municipal Kalyana Mandapam, Chennai",Tamilnadu State Pollution Control Board,Industrial Area,11.73333333,16.78333333,37.0,103.0,
73,38,2010-05-10,Tamil Nadu,Chennai,"Kathivakkam, Municipal Kalyana Mandapam, Chennai",Tamilnadu State Pollution Control Board,Industrial Area,8.86,14.2,213.3333333,260.0,
74,38,2010-07-10,Tamil Nadu,Chennai,"Kathivakkam, Municipal Kalyana Mandapam, Chennai",Tamilnadu State Pollution Control Board,Industrial Area,9.366666667,15.38333333,98.33333333,201.6666667,
75,38,2010-12-10,Tamil Nadu,Chennai,"Kathivakkam, Municipal Kalyana Mandapam, Chennai",Tamilnadu State Pollution Control Board,Industrial Area,10.06666667,17.08333333,109.0,241.0,
76,38,2010-10-14,Tamil Nadu,Chennai,"Kathivakkam, Municipal Kalyana Mandapam, Chennai",Tamilnadu State Pollution Control Board,Industrial Area,11.46666667,19.81666667,145.0,288.6666667,
77,38,2010-10-19,Tamil Nadu,Chennai,"Kathivakkam, Municipal Kalyana Mandapam, Chennai",Tamilnadu State Pollution Control Board,Industrial Area,10.5,18.0,101.3333333,195.3333333,
78,38,2010-10-21,Tamil Nadu,Chennai,"Kathivakkam, Municipal Kalyana Mandapam, Chennai",Tamilnadu State Pollution Control Board,Industrial Area,10.33333333,17.91666667,163.6666667,298.3333333,
79,38,2010-10-26,Tamil Nadu,Chennai,"Kathivakkam, Municipal Kalyana Mandapam, Chennai",Tamilnadu State Pollution Control Board,Industrial Area,10.93333333,19.16666667,105.6666667,164.3333333,
80,38,2010-10-28,Tamil Nadu,Chennai,"Kathivakkam, Municipal Kalyana Mandapam, Chennai",Tamilnadu State Pollution Control Board,Industrial Area,11.41666667,19.78333333,179.3333333,239.3333333,
81,38,2010-02-11,Tamil Nadu,Chennai,"Kathivakkam, Municipal Kalyana Mandapam, Chennai",Tamilnadu State Pollution Control Board,Industrial Area,10.08333333,16.76666667,123.3333333,225.3333333,
82,38,2010-04-11,Tamil Nadu,Chennai,"Kathivakkam, Municipal Kalyana Mandapam, Chennai",Tamilnadu State Pollution Control Board,Industrial Area,10.58333333,19.08333333,112.6666667,168.3333333,
83,38,2010-09-11,Tamil Nadu,Chennai,"Kathivakkam, Municipal Kalyana Mandapam, Chennai",Tamilnadu State Pollution Control Board,Industrial Area,10.31666667,18.5,55.0,80.0,
84,38,2010-11-11,Tamil Nadu,Chennai,"Kathivakkam, Municipal Kalyana Mandapam, Chennai",Tamilnadu State Pollution Control Board,Industrial Area,9.533333333,16.53333333,120.6666667,201.0,
85,38,2010-11-16,Tamil Nadu,Chennai,"Kathivakkam, Municipal Kalyana Mandapam, Chennai",Tamilnadu State Pollution Control Board,Industrial Area,10.93333333,16.9,73.66666667,115.6666667,
86,38,2010-11-18,Tamil Nadu,Chennai,"Kathivakkam, Municipal Kalyana Mandapam, Chennai",Tamilnadu State Pollution Control Board,Industrial Area,13.45,14.95,69.66666667,99.66666667,
87,38,2010-11-23,Tamil Nadu,Chennai,"Kathivakkam, Municipal Kalyana Mandapam, Chennai",Tamilnadu State Pollution Control Board,Industrial Area,11.93333333,22.48333333,65.0,99.33333333,
88,38,2010-11-25,Tamil Nadu,Chennai,"Kathivakkam, Municipal Kalyana Mandapam, Chennai",Tamilnadu State Pollution Control Board,Industrial Area,11.68333333,19.9,92.33333333,143.3333333,
89,38,2010-11-30,Tamil Nadu,Chennai,"Kathivakkam, Municipal Kalyana Mandapam, Chennai",Tamilnadu State Pollution Control Board,Industrial Area,11.26666667,17.36666667,83.33333333,139.6666667,
90,38,2010-02-12,Tamil Nadu,Chennai,"Kathivakkam, Municipal Kalyana Mandapam, Chennai",Tamilnadu State Pollution Control Board,Industrial Area,12.53333333,18.86666667,61.33333333,113.0,
91,38,2010-07-12,Tamil Nadu,Chennai,"Kathivakkam, Municipal Kalyana Mandapam, Chennai",Tamilnadu State Pollution Control Board,Industrial Area,9.933333333,16.73333333,90.33333333,125.6666667,
92,38,2010-09-12,Tamil Nadu,Chennai,"Kathivakkam, Municipal Kalyana Mandapam, Chennai",Tamilnadu State Pollution Control Board,Industrial Area,10.46666667,17.6,67.33333333,101.6666667,
93,38,2010-12-14,Tamil Nadu,Chennai,"Kathivakkam, Municipal Kalyana Mandapam, Chennai",Tamilnadu State Pollution Control Board,Industrial Area,11.35,17.71666667,43.0,71.66666667,
94,38,2010-12-16,Tamil Nadu,Chennai,"Kathivakkam, Municipal Kalyana Mandapam, Chennai",Tamilnadu State Pollution Control Board,Industrial Area,11.98333333,21.01666667,47.0,71.66666667,
95,38,2010-12-21,Tamil Nadu,Chennai,"Kathivakkam, Municipal Kalyana Mandapam, Chennai",Tamilnadu State Pollution Control Board,Industrial Area,12.76666667,20.63333333,61.0,149.0,
96,38,2010-12-23,Tamil Nadu,Chennai,"Kathivakkam, Municipal Kalyana Mandapam, Chennai",Tamilnadu State Pollution Control Board,Industrial Area,12.85,17.85,56.33333333,118.3333333,
97,38,2010-12-28,Tamil Nadu,Chennai,"Kathivakkam, Municipal Kalyana Mandapam, Chennai",Tamilnadu State Pollution Control Board,Industrial Area,14.56666667,18.31666667,42.33333333,131.3333333,
98,38,2010-12-29,Tamil Nadu,Chennai,"Kathivakkam, Municipal Kalyana Mandapam, Chennai",Tamilnadu State Pollution Control Board,Industrial Area,14.61666667,18.43333333,30.66666667,83.0,
99,38,2010-12-30,Tamil Nadu,Chennai,"Kathivakkam, Municipal Kalyana Mandapam, Chennai",Tamilnadu State Pollution Control Board,Industrial Area,14.46666667,15.73333333,79.0,137.6666667,
100,38,2011-04-01,Tamil Nadu,Chennai,"Kathivakkam, Municipal Kalyana Mandapam, Chennai",Tamilnadu State Pollution Control Board,Industrial Area,10.0,16.0,76.0,,
101,38,2011-06-01,Tamil Nadu,Chennai,"Kathivakkam, Municipal Kalyana Mandapam, Chennai",Tamilnadu State Pollution Control Board,Industrial Area,9.0,15.0,76.0,,
102,38,2011-11-01,Tamil Nadu,Chennai,"Kathivakkam, Municipal Kalyana Mandapam, Chennai",Tamilnadu State Pollution Control Board,Industrial Area,11.0,17.0,165.0,,
103,38,2011-01-13,Tamil Nadu,Chennai,"Kathivakkam, Municipal Kalyana Mandapam, Chennai",Tamilnadu State Pollution Control Board,Industrial Area,12.0,19.0,219.0,,
104,38,2011-01-18,Tamil Nadu,Chennai,"Kathivakkam, Municipal Kalyana Mandapam, Chennai",Tamilnadu State Pollution Control Board,Industrial Area,10.0,14.0,108.0,,
105,38,2011-01-20,Tamil Nadu,Chennai,"Kathivakkam, Municipal Kalyana Mandapam, Chennai",Tamilnadu State Pollution Control Board,Industrial Area,9.0,12.0,108.0,,
106,38,2011-01-25,Tamil Nadu,Chennai,"Kathivakkam, Municipal Kalyana Mandapam, Chennai",Tamilnadu State Pollution Control Board,Industrial Area,10.0,16.0,75.0,,
107,38,2011-01-27,Tamil Nadu,Chennai,"Kathivakkam, Municipal Kalyana Mandapam, Chennai",Tamilnadu State Pollution Control Board,Industrial Area,11.0,20.0,114.0,,
108,38,2011-01-02,Tamil Nadu,Chennai,"Kathivakkam, Municipal Kalyana Mandapam, Chennai",Tamilnadu State Pollution Control Board,Industrial Area,11.0,19.0,118.0,,
109,38,2011-03-02,Tamil Nadu,Chennai,"Kathivakkam, Municipal Kalyana Mandapam, Chennai",Tamilnadu State Pollution Control Board,Industrial Area,13.0,18.0,92.0,,
110,38,2011-08-02,Tamil Nadu,Chennai,"Kathivakkam, Municipal Kalyana Mandapam, Chennai",Tamilnadu State Pollution Control Board,Industrial Area,11.0,18.0,120.0,,
111,38,2011-10-02,Tamil Nadu,Chennai,"Kathivakkam, Municipal Kalyana Mandapam, Chennai",Tamilnadu State Pollution Control Board,Industrial Area,13.0,13.0,130.0,,
112,38,2011-02-15,Tamil Nadu,Chennai,"Kathivakkam, Municipal Kalyana Mandapam, Chennai",Tamilnadu State Pollution Control Board,Industrial Area,13.0,25.0,160.0,,
113,38,2011-02-17,Tamil Nadu,Chennai,"Kathivakkam, Municipal Kalyana Mandapam, Chennai",Tamilnadu State Pollution Control Board,Industrial Area,20.0,12.0,92.0,,
114,38,2011-02-22,Tamil Nadu,Chennai,"Kathivakkam, Municipal Kalyana Mandapam, Chennai",Tamilnadu State Pollution Control Board,Industrial Area,36.0,20.0,124.0,,
115,38,2011-02-24,Tamil Nadu,Chennai,"Kathivakkam, Municipal Kalyana Mandapam, Chennai",Tamilnadu State Pollution Control Board,Industrial Area,11.0,16.0,79.0,,
116,38,2011-01-03,Tamil Nadu,Chennai,"Kathivakkam, Municipal Kalyana Mandapam, Chennai",Tamilnadu State Pollution Control Board,Industrial Area,11.0,31.0,58.0,,
117,38,2011-03-03,Tamil Nadu,Chennai,"Kathivakkam, Municipal Kalyana Mandapam, Chennai",Tamilnadu State Pollution Control Board,Industrial Area,9.0,24.0,106.0,,
118,38,2011-08-03,Tamil Nadu,Chennai,"Kathivakkam, Municipal Kalyana Mandapam, Chennai",Tamilnadu State Pollution Control Board,Industrial Area,12.0,16.0,178.0,,
119,38,2011-10-03,Tamil Nadu,Chennai,"Kathivakkam, Municipal Kalyana Mandapam, Chennai",Tamilnadu State Pollution Control Board,Industrial Area,14.0,15.0,102.0,,
120,38,2011-03-15,Tamil Nadu,Chennai,"Kathivakkam, Municipal Kalyana Mandapam, Chennai",Tamilnadu State Pollution Control Board,Industrial Area,12.0,12.0,60.0,,
121,38,2011-03-17,Tamil Nadu,Chennai,"Kathivakkam, Municipal Kalyana Mandapam, Chennai",Tamilnadu State Pollution Control Board,Industrial Area,17.0,13.0,63.0,,
122,38,2011-03-22,Tamil Nadu,Chennai,"Kathivakkam, Municipal Kalyana Mandapam, Chennai",Tamilnadu State Pollution Control Board,Industrial Area,14.0,27.0,143.0,,
123,38,2011-03-24,Tamil Nadu,Chennai,"Kathivakkam, Municipal Kalyana Mandapam, Chennai",Tamilnadu State Pollution Control Board,Industrial Area,1.0,20.0,121.0,,
124,38,2011-03-29,Tamil Nadu,Chennai,"Kathivakkam, Municipal Kalyana Mandapam, Chennai",Tamilnadu State Pollution Control Board,Industrial Area,17.0,32.0,131.0,,
125,38,2011-03-31,Tamil Nadu,Chennai,"Kathivakkam, Municipal Kalyana Mandapam, Chennai",Tamilnadu State Pollution Control Board,Industrial Area,13.0,20.0,183.0,,
126,38,2011-05-04,Tamil Nadu,Chennai,"Kathivakkam, Municipal Kalyana Mandapam, Chennai",Tamilnadu State Pollution Control Board,Industrial Area,18.0,21.0,167.0,,
127,38,2011-07-04,Tamil Nadu,Chennai,"Kathivakkam, Municipal Kalyana Mandapam, Chennai",Tamilnadu State Pollution Control Board,Industrial Area,11.0,13.0,110.0,,
128,38,2011-12-04,Tamil Nadu,Chennai,"Kathivakkam, Municipal Kalyana Mandapam, Chennai",Tamilnadu State Pollution Control Board,Industrial Area,26.0,17.0,120.0,,
129,38,2011-04-19,Tamil Nadu,Chennai,"Kathivakkam, Municipal Kalyana Mandapam, Chennai",Tamilnadu State Pollution Control Board,Industrial Area,19.0,26.0,103.0,,
130,38,2011-04-21,Tamil Nadu,Chennai,"Kathivakkam, Municipal Kalyana Mandapam, Chennai",Tamilnadu State Pollution Control Board,Industrial Area,22.0,24.0,127.0,,
131,38,2011-04-26,Tamil Nadu,Chennai,"Kathivakkam, Municipal Kalyana Mandapam, Chennai",Tamilnadu State Pollution Control Board,Industrial Area,24.0,27.0,77.0,,
132,38,2011-04-27,Tamil Nadu,Chennai,"Kathivakkam, Municipal Kalyana Mandapam, Chennai",Tamilnadu State Pollution Control Board,Industrial Area,12.0,17.0,70.0,,
133,38,2011-04-28,Tamil Nadu,Chennai,"Kathivakkam, Municipal Kalyana Mandapam, Chennai",Tamilnadu State Pollution Control Board,Industrial Area,24.0,16.0,89.0,,
134,38,2011-03-05,Tamil Nadu,Chennai,"Kathivakkam, Municipal Kalyana Mandapam, Chennai",Tamilnadu State Pollution Control Board,Industrial Area,10.0,20.0,157.0,,
135,38,2011-05-05,Tamil Nadu,Chennai,"Kathivakkam, Municipal Kalyana Mandapam, Chennai",Tamilnadu State Pollution Control Board,Industrial Area,16.0,13.0,190.0,,
136,38,2011-10-05,Tamil Nadu,Chennai,"Kathivakkam, Municipal Kalyana Mandapam, Chennai",Tamilnadu State Pollution Control Board,Industrial Area,12.0,42.0,309.0,,
137,38,2011-12-05,Tamil Nadu,Chennai,"Kathivakkam, Municipal Kalyana Mandapam, Chennai",Tamilnadu State Pollution Control Board,Industrial Area,13.0,17.0,236.0,,
138,38,2011-05-17,Tamil Nadu,Chennai,"Kathivakkam, Municipal Kalyana Mandapam, Chennai",Tamilnadu State Pollution Control Board,Industrial Area,10.0,17.0,181.0,,
139,38,2011-05-19,Tamil Nadu,Chennai,"Kathivakkam, Municipal Kalyana Mandapam, Chennai",Tamilnadu State Pollution Control Board,Industrial Area,19.0,19.0,224.0,,
140,38,2011-05-24,Tamil Nadu,Chennai,"Kathivakkam, Municipal Kalyana Mandapam, Chennai",Tamilnadu State Pollution Control Board,Industrial Area,16.0,24.0,180.0,,
141,38,2011-05-26,Tamil Nadu,Chennai,"Kathivakkam, Municipal Kalyana Mandapam, Chennai",Tamilnadu State Pollution Control Board,Industrial Area,10.0,13.0,142.0,,
142,38,2011-05-31,Tamil Nadu,Chennai,"Kathivakkam, Municipal Kalyana Mandapam, Chennai",Tamilnadu State Pollution Control Board,Industrial Area,28.0,24.0,236.0,,
143,38,2011-02-06,Tamil Nadu,Chennai,"Kathivakkam, Municipal Kalyana Mandapam, Chennai",Tamilnadu State Pollution Control Board,Industrial Area,19.0,27.0,214.0,,
144,38,2011-07-06,Tamil Nadu,Chennai,"Kathivakkam, Municipal Kalyana Mandapam, Chennai",Tamilnadu State Pollution Control Board,Industrial Area,16.0,27.0,104.0,,
145,38,2011-09-06,Tamil Nadu,Chennai,"Kathivakkam, Municipal Kalyana Mandapam, Chennai",Tamilnadu State Pollution Control Board,Industrial Area,10.0,34.0,163.0,,
146,38,2011-06-14,Tamil Nadu,Chennai,"Kathivakkam, Municipal Kalyana Mandapam, Chennai",Tamilnadu State Pollution Control Board,Industrial Area,11.0,23.0,163.0,,
147,38,2011-06-16,Tamil Nadu,Chennai,"Kathivakkam, Municipal Kalyana Mandapam, Chennai",Tamilnadu State Pollution Control Board,Industrial Area,12.0,25.0,217.0,,
148,38,2011-06-18,Tamil Nadu,Chennai,"Kathivakkam, Municipal Kalyana Mandapam, Chennai",Tamilnadu State Pollution Control Board,Industrial Area,28.0,37.0,108.0,,
149,38,2011-06-21,Tamil Nadu,Chennai,"Kathivakkam, Municipal Kalyana Mandapam, Chennai",Tamilnadu State Pollution Control Board,Industrial Area,10.0,19.0,145.0,,
150,38,2011-06-23,Tamil Nadu,Chennai,"Kathivakkam, Municipal Kalyana Mandapam, Chennai",Tamilnadu State Pollution Control Board,Industrial Area,12.0,16.0,147.0,,
151,38,2011-06-28,Tamil Nadu,Chennai,"Kathivakkam, Municipal Kalyana Mandapam, Chennai",Tamilnadu State Pollution Control Board,Industrial Area,12.0,24.0,167.0,,
152,38,2011-06-30,Tamil Nadu,Chennai,"Kathivakkam, Municipal Kalyana Mandapam, Chennai",Tamilnadu State Pollution Control Board,Industrial Area,17.0,22.0,157.0,,
153,38,2011-05-07,Tamil Nadu,Chennai,"Kathivakkam, Municipal Kalyana Mandapam, Chennai",Tamilnadu State Pollution Control Board,Industrial Area,16.0,26.0,112.0,,
154,38,2011-07-07,Tamil Nadu,Chennai,"Kathivakkam, Municipal Kalyana Mandapam, Chennai",Tamilnadu State Pollution Control Board,Industrial Area,17.0,24.0,129.0,,
155,38,2011-12-07,Tamil Nadu,Chennai,"Kathivakkam, Municipal Kalyana Mandapam, Chennai",Tamilnadu State Pollution Control Board,Industrial Area,13.0,30.0,130.0,,
156,38,2011-07-14,Tamil Nadu,Chennai,"Kathivakkam, Municipal Kalyana Mandapam, Chennai",Tamilnadu State Pollution Control Board,Industrial Area,12.0,24.0,162.0,,
157,38,2011-07-19,Tamil Nadu,Chennai,"Kathivakkam, Municipal Kalyana Mandapam, Chennai",Tamilnadu State Pollution Control Board,Industrial Area,13.0,20.0,127.0,,
158,38,2011-07-21,Tamil Nadu,Chennai,"Kathivakkam, Municipal Kalyana Mandapam, Chennai",Tamilnadu State Pollution Control Board,Industrial Area,12.0,16.0,97.0,,
159,38,2011-07-26,Tamil Nadu,Chennai,"Kathivakkam, Municipal Kalyana Mandapam, Chennai",Tamilnadu State Pollution Control Board,Industrial Area,15.0,14.0,89.0,,
160,38,2011-07-28,Tamil Nadu,Chennai,"Kathivakkam, Municipal Kalyana Mandapam, Chennai",Tamilnadu State Pollution Control Board,Industrial Area,10.0,19.0,90.0,,
161,38,2011-02-08,Tamil Nadu,Chennai,"Kathivakkam, Municipal Kalyana Mandapam, Chennai",Tamilnadu State Pollution Control Board,Industrial Area,48.0,37.0,82.0,,
162,38,2011-04-08,Tamil Nadu,Chennai,"Kathivakkam, Municipal Kalyana Mandapam, Chennai",Tamilnadu State Pollution Control Board,Industrial Area,48.0,35.0,105.0,,
163,38,2011-09-08,Tamil Nadu,Chennai,"Kathivakkam, Municipal Kalyana Mandapam, Chennai",Tamilnadu State Pollution Control Board,Industrial Area,35.0,32.0,104.0,,
164,38,2011-08-16,Tamil Nadu,Chennai,"Kathivakkam, Municipal Kalyana Mandapam, Chennai",Tamilnadu State Pollution Control Board,Industrial Area,30.0,29.0,105.0,,
165,38,2011-08-23,Tamil Nadu,Chennai,"Kathivakkam, Municipal Kalyana Mandapam, Chennai",Tamilnadu State Pollution Control Board,Industrial Area,25.0,34.0,94.0,,
166,38,2011-08-25,Tamil Nadu,Chennai,"Kathivakkam, Municipal Kalyana Mandapam, Chennai",Tamilnadu State Pollution Control Board,Industrial Area,26.0,38.0,42.0,,
167,38,2011-08-29,Tamil Nadu,Chennai,"Kathivakkam, Municipal Kalyana Mandapam, Chennai",Tamilnadu State Pollution Control Board,Industrial Area,28.0,30.0,85.0,,
168,38,2011-08-30,Tamil Nadu,Chennai,"Kathivakkam, Municipal Kalyana Mandapam, Chennai",Tamilnadu State Pollution Control Board,Industrial Area,16.0,29.0,60.0,,
169,38,2011-06-09,Tamil Nadu,Chennai,"Kathivakkam, Municipal Kalyana Mandapam, Chennai",Tamilnadu State Pollution Control Board,Industrial Area,40.0,36.0,123.0,,
170,38,2011-08-09,Tamil Nadu,Chennai,"Kathivakkam, Municipal Kalyana Mandapam, Chennai",Tamilnadu State Pollution Control Board,Industrial Area,34.0,35.0,98.0,,
171,38,2011-11-09,Tamil Nadu,Chennai,"Kathivakkam, Municipal Kalyana Mandapam, Chennai",Tamilnadu State Pollution Control Board,Industrial Area,39.0,32.0,91.0,,
172,38,2011-09-13,Tamil Nadu,Chennai,"Kathivakkam, Municipal Kalyana Mandapam, Chennai",Tamilnadu State Pollution Control Board,Industrial Area,31.0,27.0,144.0,,
173,38,2011-09-15,Tamil Nadu,Chennai,"Kathivakkam, Municipal Kalyana Mandapam, Chennai",Tamilnadu State Pollution Control Board,Industrial Area,39.0,32.0,71.0,,
174,38,2011-09-20,Tamil Nadu,Chennai,"Kathivakkam, Municipal Kalyana Mandapam, Chennai",Tamilnadu State Pollution Control Board,Industrial Area,28.0,27.0,80.0,,
175,38,2011-09-22,Tamil Nadu,Chennai,"Kathivakkam, Municipal Kalyana Mandapam, Chennai",Tamilnadu State Pollution Control Board,Industrial Area,26.0,35.0,102.0,,
176,38,2011-09-27,Tamil Nadu,Chennai,"Kathivakkam, Municipal Kalyana Mandapam, Chennai",Tamilnadu State Pollution Control Board,Industrial Area,35.0,32.0,79.0,,
177,38,2011-04-10,Tamil Nadu,Chennai,"Kathivakkam, Municipal Kalyana Mandapam, Chennai",Tamilnadu State Pollution Control Board,Industrial Area,35.0,33.0,285.0,,
178,38,2011-11-10,Tamil Nadu,Chennai,"Kathivakkam, Municipal Kalyana Mandapam, Chennai",Tamilnadu State Pollution Control Board,Industrial Area,27.0,34.0,363.0,,
179,38,2011-10-13,Tamil Nadu,Chennai,"Kathivakkam, Municipal Kalyana Mandapam, Chennai",Tamilnadu State Pollution Control Board,Industrial Area,31.0,26.0,244.0,,
180,38,2011-10-18,Tamil Nadu,Chennai,"Kathivakkam, Municipal Kalyana Mandapam, Chennai",Tamilnadu State Pollution Control Board,Industrial Area,34.0,29.0,330.0,,
181,38,2011-10-20,Tamil Nadu,Chennai,"Kathivakkam, Municipal Kalyana Mandapam, Chennai",Tamilnadu State Pollution Control Board,Industrial Area,24.0,25.0,340.0,,
182,38,2011-10-25,Tamil Nadu,Chennai,"Kathivakkam, Municipal Kalyana Mandapam, Chennai",Tamilnadu State Pollution Control Board,Industrial Area,27.0,32.0,192.0,,
183,38,2011-10-27,Tamil Nadu,Chennai,"Kathivakkam, Municipal Kalyana Mandapam, Chennai",Tamilnadu State Pollution Control Board,Industrial Area,33.0,30.0,173.0,,
184,38,2011-01-11,Tamil Nadu,Chennai,"Kathivakkam, Municipal Kalyana Mandapam, Chennai",Tamilnadu State Pollution Control Board,Industrial Area,37.0,32.0,24.0,,
185,38,2011-03-11,Tamil Nadu,Chennai,"Kathivakkam, Municipal Kalyana Mandapam, Chennai",Tamilnadu State Pollution Control Board,Industrial Area,34.0,36.0,25.0,,
186,38,2011-08-11,Tamil Nadu,Chennai,"Kathivakkam, Municipal Kalyana Mandapam, Chennai",Tamilnadu State Pollution Control Board,Industrial Area,28.0,64.0,155.0,,
187,38,2011-10-11,Tamil Nadu,Chennai,"Kathivakkam, Municipal Kalyana Mandapam, Chennai",Tamilnadu State Pollution Control Board,Industrial Area,29.0,50.0,87.0,,
188,38,2011-11-15,Tamil Nadu,Chennai,"Kathivakkam, Municipal Kalyana Mandapam, Chennai",Tamilnadu State Pollution Control Board,Industrial Area,41.0,63.0,119.0,,
189,38,2011-11-17,Tamil Nadu,Chennai,"Kathivakkam, Municipal Kalyana Mandapam, Chennai",Tamilnadu State Pollution Control Board,Industrial Area,25.0,45.0,78.0,,
190,38,2011-11-22,Tamil Nadu,Chennai,"Kathivakkam, Municipal Kalyana Mandapam, Chennai",Tamilnadu State Pollution Control Board,Industrial Area,23.0,34.0,94.0,,
191,38,2011-11-24,Tamil Nadu,Chennai,"Kathivakkam, Municipal Kalyana Mandapam, Chennai",Tamilnadu State Pollution Control Board,Industrial Area,20.0,31.0,64.0,,
192,38,2011-11-29,Tamil Nadu,Chennai,"Kathivakkam, Municipal Kalyana Mandapam, Chennai",Tamilnadu State Pollution Control Board,Industrial Area,19.0,29.0,72.0,,
193,38,2011-01-12,Tamil Nadu,Chennai,"Kathivakkam, Municipal Kalyana Mandapam, Chennai",Tamilnadu State Pollution Control Board,Industrial Area,36.0,41.0,80.0,,
194,38,2011-08-12,Tamil Nadu,Chennai,"Kathivakkam, Municipal Kalyana Mandapam, Chennai",Tamilnadu State Pollution Control Board,Industrial Area,35.0,39.0,87.0,,
195,38,2011-12-13,Tamil Nadu,Chennai,"Kathivakkam, Municipal Kalyana Mandapam, Chennai",Tamilnadu State Pollution Control Board,Industrial Area,34.0,25.0,87.0,,
196,38,2011-12-15,Tamil Nadu,Chennai,"Kathivakkam, Municipal Kalyana Mandapam, Chennai",Tamilnadu State Pollution Control Board,Industrial Area,18.0,27.0,55.0,,
197,38,2011-12-20,Tamil Nadu,Chennai,"Kathivakkam, Municipal Kalyana Mandapam, Chennai",Tamilnadu State Pollution Control Board,Industrial Area,10.0,18.0,96.0,,
198,38,2011-12-22,Tamil Nadu,Chennai,"Kathivakkam, Municipal Kalyana Mandapam, Chennai",Tamilnadu State Pollution Control Board,Industrial Area,9.0,16.0,82.0,,
199,38,2011-12-27,Tamil Nadu,Chennai,"Kathivakkam, Municipal Kalyana Mandapam, Chennai",Tamilnadu State Pollution Control Board,Industrial Area,26.0,28.0,175.0,,
200,38,2012-03-01,Tamil Nadu,Chennai,"Kathivakkam, Municipal Kalyana Mandapam, Chennai",Tamilnadu State Pollution Control Board,Industrial Area,14.0,24.0,59.0,,
201,38,2012-05-01,Tamil Nadu,Chennai,"Kathivakkam, Municipal Kalyana Mandapam, Chennai",Tamilnadu State Pollution Control Board,Industrial Area,16.0,22.0,56.0,,
202,38,2012-10-01,Tamil Nadu,Chennai,"Kathivakkam, Municipal Kalyana Mandapam, Chennai",Tamilnadu State Pollution Control Board,Industrial Area,17.0,17.0,50.0,,
203,38,2012-12-01,Tamil Nadu,Chennai,"Kathivakkam, Municipal Kalyana Mandapam, Chennai",Tamilnadu State Pollution Control Board,Industrial Area,16.0,18.0,44.0,,
204,38,2012-01-19,Tamil Nadu,Chennai,"Kathivakkam, Municipal Kalyana Mandapam, Chennai",Tamilnadu State Pollution Control Board,Industrial Area,19.0,19.0,52.0,,
205,38,2012-01-24,Tamil Nadu,Chennai,"Kathivakkam, Municipal Kalyana Mandapam, Chennai",Tamilnadu State Pollution Control Board,Industrial Area,17.0,20.0,84.0,,
206,38,2012-01-31,Tamil Nadu,Chennai,"Kathivakkam, Municipal Kalyana Mandapam, Chennai",Tamilnadu State Pollution Control Board,Industrial Area,18.0,23.0,55.0,,
207,38,2012-02-02,Tamil Nadu,Chennai,"Kathivakkam, Municipal Kalyana Mandapam, Chennai",Tamilnadu State Pollution Control Board,Industrial Area,17.0,16.0,43.0,,
208,38,2012-07-02,Tamil Nadu,Chennai,"Kathivakkam, Municipal Kalyana Mandapam, Chennai",Tamilnadu State Pollution Control Board,Industrial Area,19.0,18.0,41.0,,
209,38,2012-09-02,Tamil Nadu,Chennai,"Kathivakkam, Municipal Kalyana Mandapam, Chennai",Tamilnadu State Pollution Control Board,Industrial Area,13.0,18.0,39.0,,
210,38,2012-02-14,Tamil Nadu,Chennai,"Kathivakkam, Municipal Kalyana Mandapam, Chennai",Tamilnadu State Pollution Control Board,Industrial Area,16.0,20.0,58.0,,
211,38,2012-02-16,Tamil Nadu,Chennai,"Kathivakkam, Municipal Kalyana Mandapam, Chennai",Tamilnadu State Pollution Control Board,Industrial Area,22.0,26.0,72.0,,
212,38,2012-02-21,Tamil Nadu,Chennai,"Kathivakkam, Municipal Kalyana Mandapam, Chennai",Tamilnadu State Pollution Control Board,Industrial Area,13.0,17.0,65.0,,
213,38,2012-02-28,Tamil Nadu,Chennai,"Kathivakkam, Municipal Kalyana Mandapam, Chennai",Tamilnadu State Pollution Control Board,Industrial Area,18.0,20.0,46.0,,
214,38,2012-01-03,Tamil Nadu,Chennai,"Kathivakkam, Municipal Kalyana Mandapam, Chennai",Tamilnadu State Pollution Control Board,Industrial Area,16.0,24.0,72.0,,
215,38,2012-06-03,Tamil Nadu,Chennai,"Kathivakkam, Municipal Kalyana Mandapam, Chennai",Tamilnadu State Pollution Control Board,Industrial Area,14.0,26.0,79.0,,
216,38,2012-08-03,Tamil Nadu,Chennai,"Kathivakkam, Municipal Kalyana Mandapam, Chennai",Tamilnadu State Pollution Control Board,Industrial Area,15.0,24.0,94.0,,
217,38,2012-03-13,Tamil Nadu,Chennai,"Kathivakkam, Municipal Kalyana Mandapam, Chennai",Tamilnadu State Pollution Control Board,Industrial Area,16.0,25.0,95.0,,
218,38,2012-03-15,Tamil Nadu,Chennai,"Kathivakkam, Municipal Kalyana Mandapam, Chennai",Tamilnadu State Pollution Control Board,Industrial Area,16.0,24.0,78.0,,
219,38,2012-03-20,Tamil Nadu,Chennai,"Kathivakkam, Municipal Kalyana Mandapam, Chennai",Tamilnadu State Pollution Control Board,Industrial Area,19.0,28.0,98.0,,
220,38,2012-03-22,Tamil Nadu,Chennai,"Kathivakkam, Municipal Kalyana Mandapam, Chennai",Tamilnadu State Pollution Control Board,Industrial Area,14.0,28.0,90.0,,
221,38,2012-03-27,Tamil Nadu,Chennai,"Kathivakkam, Municipal Kalyana Mandapam, Chennai",Tamilnadu State Pollution Control Board,Industrial Area,15.0,23.0,70.0,,
222,38,2012-03-29,Tamil Nadu,Chennai,"Kathivakkam, Municipal Kalyana Mandapam, Chennai",Tamilnadu State Pollution Control Board,Industrial Area,16.0,24.0,71.0,,
223,38,2012-03-04,Tamil Nadu,Chennai,"Kathivakkam, Municipal Kalyana Mandapam, Chennai",Tamilnadu State Pollution Control Board,Industrial Area,12.0,23.0,125.0,,
224,38,2012-10-04,Tamil Nadu,Chennai,"Kathivakkam, Municipal Kalyana Mandapam, Chennai",Tamilnadu State Pollution Control Board,Industrial Area,11.0,24.0,126.0,,
225,38,2012-12-04,Tamil Nadu,Chennai,"Kathivakkam, Municipal Kalyana Mandapam, Chennai",Tamilnadu State Pollution Control Board,Industrial Area,13.0,23.0,70.0,,
226,38,2012-04-17,Tamil Nadu,Chennai,"Kathivakkam, Municipal Kalyana Mandapam, Chennai",Tamilnadu State Pollution Control Board,Industrial Area,22.0,21.0,102.0,,
227,38,2012-04-19,Tamil Nadu,Chennai,"Kathivakkam, Municipal Kalyana Mandapam, Chennai",Tamilnadu State Pollution Control Board,Industrial Area,16.0,27.0,65.0,,
228,38,2012-04-24,Tamil Nadu,Chennai,"Kathivakkam, Municipal Kalyana Mandapam, Chennai",Tamilnadu State Pollution Control Board,Industrial Area,13.0,22.0,71.0,,
229,38,2012-04-26,Tamil Nadu,Chennai,"Kathivakkam, Municipal Kalyana Mandapam, Chennai",Tamilnadu State Pollution Control Board,Industrial Area,13.0,24.0,67.0,,
230,38,2012-03-05,Tamil Nadu,Chennai,"Kathivakkam, Municipal Kalyana Mandapam, Chennai",Tamilnadu State Pollution Control Board,Industrial Area,18.0,40.0,129.0,,
231,38,2012-08-05,Tamil Nadu,Chennai,"Kathivakkam, Municipal Kalyana Mandapam, Chennai",Tamilnadu State Pollution Control Board,Industrial Area,17.0,37.0,135.0,,
232,38,2012-10-05,Tamil Nadu,Chennai,"Kathivakkam, Municipal Kalyana Mandapam, Chennai",Tamilnadu State Pollution Control Board,Industrial Area,18.0,38.0,103.0,,
233,38,2012-05-15,Tamil Nadu,Chennai,"Kathivakkam, Municipal Kalyana Mandapam, Chennai",Tamilnadu State Pollution Control Board,Industrial Area,18.0,36.0,107.0,,
234,38,2012-05-17,Tamil Nadu,Chennai,"Kathivakkam, Municipal Kalyana Mandapam, Chennai",Tamilnadu State Pollution Control Board,Industrial Area,20.0,36.0,160.0,,
235,38,2012-05-22,Tamil Nadu,Chennai,"Kathivakkam, Municipal Kalyana Mandapam, Chennai",Tamilnadu State Pollution Control Board,Industrial Area,17.0,37.0,136.0,,
236,38,2012-05-24,Tamil Nadu,Chennai,"Kathivakkam, Municipal Kalyana Mandapam, Chennai",Tamilnadu State Pollution Control Board,Industrial Area,17.0,35.0,146.0,,
237,38,2012-05-29,Tamil Nadu,Chennai,"Kathivakkam, Municipal Kalyana Mandapam, Chennai",Tamilnadu State Pollution Control Board,Industrial Area,16.0,33.0,131.0,,
238,38,2012-05-31,Tamil Nadu,Chennai,"Kathivakkam, Municipal Kalyana Mandapam, Chennai",Tamilnadu State Pollution Control Board,Industrial Area,15.0,33.0,131.0,,
239,38,2012-05-06,Tamil Nadu,Chennai,"Kathivakkam, Municipal Kalyana Mandapam, Chennai",Tamilnadu State Pollution Control Board,Industrial Area,20.0,30.0,144.0,,
240,38,2012-07-06,Tamil Nadu,Chennai,"Kathivakkam, Municipal Kalyana Mandapam, Chennai",Tamilnadu State Pollution Control Board,Industrial Area,18.0,31.0,121.0,,
241,38,2012-12-06,Tamil Nadu,Chennai,"Kathivakkam, Municipal Kalyana Mandapam, Chennai",Tamilnadu State Pollution Control Board,Industrial Area,17.0,28.0,130.0,,
242,38,2012-06-14,Tamil Nadu,Chennai,"Kathivakkam, Municipal Kalyana Mandapam, Chennai",Tamilnadu State Pollution Control Board,Industrial Area,20.0,24.0,98.0,,
243,38,2012-06-19,Tamil Nadu,Chennai,"Kathivakkam, Municipal Kalyana Mandapam, Chennai",Tamilnadu State Pollution Control Board,Industrial Area,19.0,27.0,143.0,,
244,38,2012-06-21,Tamil Nadu,Chennai,"Kathivakkam, Municipal Kalyana Mandapam, Chennai",Tamilnadu State Pollution Control Board,Industrial Area,16.0,26.0,95.0,,
245,38,2012-06-26,Tamil Nadu,Chennai,"Kathivakkam, Municipal Kalyana Mandapam, Chennai",Tamilnadu State Pollution Control Board,Industrial Area,17.0,24.0,68.0,,
246,38,2012-06-28,Tamil Nadu,Chennai,"Kathivakkam, Municipal Kalyana Mandapam, Chennai",Tamilnadu State Pollution Control Board,Industrial Area,17.0,27.0,79.0,,
247,38,2012-03-07,Tamil Nadu,Chennai,"Kathivakkam, Municipal Kalyana Mandapam, Chennai",Tamilnadu State Pollution Control Board,Industrial Area,19.0,25.0,84.0,,
248,38,2012-05-07,Tamil Nadu,Chennai,"Kathivakkam, Municipal Kalyana Mandapam, Chennai",Tamilnadu State Pollution Control Board,Industrial Area,18.0,19.0,63.0,,
249,38,2012-10-07,Tamil Nadu,Chennai,"Kathivakkam, Municipal Kalyana Mandapam, Chennai",Tamilnadu State Pollution Control Board,Industrial Area,15.0,18.0,103.0,,
250,38,2012-12-07,Tamil Nadu,Chennai,"Kathivakkam, Municipal Kalyana Mandapam, Chennai",Tamilnadu State Pollution Control Board,Industrial Area,16.0,21.0,75.0,,
251,38,2012-07-17,Tamil Nadu,Chennai,"Kathivakkam, Municipal Kalyana Mandapam, Chennai",Tamilnadu State Pollution Control Board,Industrial Area,14.0,20.0,82.0,,
252,38,2012-07-19,Tamil Nadu,Chennai,"Kathivakkam, Municipal Kalyana Mandapam, Chennai",Tamilnadu State Pollution Control Board,Industrial Area,18.0,17.0,80.0,,
253,38,2012-07-24,Tamil Nadu,Chennai,"Kathivakkam, Municipal Kalyana Mandapam, Chennai",Tamilnadu State Pollution Control Board,Industrial Area,14.0,17.0,48.0,,
254,38,2012-07-26,Tamil Nadu,Chennai,"Kathivakkam, Municipal Kalyana Mandapam, Chennai",Tamilnadu State Pollution Control Board,Industrial Area,16.0,24.0,55.0,,
255,38,2012-07-31,Tamil Nadu,Chennai,"Kathivakkam, Municipal Kalyana Mandapam, Chennai",Tamilnadu State Pollution Control Board,Industrial Area,16.0,20.0,116.0,,
256,38,2012-02-08,Tamil Nadu,Chennai,"Kathivakkam, Municipal Kalyana Mandapam, Chennai",Tamilnadu State Pollution Control Board,Industrial Area,15.0,23.0,88.0,,
257,38,2012-07-08,Tamil Nadu,Chennai,"Kathivakkam, Municipal Kalyana Mandapam, Chennai",Tamilnadu State Pollution Control Board,Industrial Area,13.0,20.0,58.0,,
258,38,2012-08-14,Tamil Nadu,Chennai,"Kathivakkam, Municipal Kalyana Mandapam, Chennai",Tamilnadu State Pollution Control Board,Industrial Area,14.0,19.0,62.0,,
259,38,2012-08-16,Tamil Nadu,Chennai,"Kathivakkam, Municipal Kalyana Mandapam, Chennai",Tamilnadu State Pollution Control Board,Industrial Area,16.0,21.0,59.0,,
260,38,2012-08-21,Tamil Nadu,Chennai,"Kathivakkam, Municipal Kalyana Mandapam, Chennai",Tamilnadu State Pollution Control Board,Industrial Area,19.0,27.0,71.0,,
261,38,2012-08-23,Tamil Nadu,Chennai,"Kathivakkam, Municipal Kalyana Mandapam, Chennai",Tamilnadu State Pollution Control Board,Industrial Area,15.0,24.0,62.0,,
262,38,2012-08-28,Tamil Nadu,Chennai,"Kathivakkam, Municipal Kalyana Mandapam, Chennai",Tamilnadu State Pollution Control Board,Industrial Area,16.0,23.0,95.0,,
263,38,2012-08-30,Tamil Nadu,Chennai,"Kathivakkam, Municipal Kalyana Mandapam, Chennai",Tamilnadu State Pollution Control Board,Industrial Area,17.0,20.0,107.0,,
264,38,2012-04-09,Tamil Nadu,Chennai,"Kathivakkam, Municipal Kalyana Mandapam, Chennai",Tamilnadu State Pollution Control Board,Industrial Area,17.0,22.0,123.0,,
265,38,2012-06-09,Tamil Nadu,Chennai,"Kathivakkam, Municipal Kalyana Mandapam, Chennai",Tamilnadu State Pollution Control Board,Industrial Area,14.0,21.0,73.0,,
266,38,2012-11-09,Tamil Nadu,Chennai,"Kathivakkam, Municipal Kalyana Mandapam, Chennai",Tamilnadu State Pollution Control Board,Industrial Area,16.0,19.0,74.0,,
267,38,2012-09-13,Tamil Nadu,Chennai,"Kathivakkam, Municipal Kalyana Mandapam, Chennai",Tamilnadu State Pollution Control Board,Industrial Area,15.0,20.0,67.0,,
268,38,2012-09-18,Tamil Nadu,Chennai,"Kathivakkam, Municipal Kalyana Mandapam, Chennai",Tamilnadu State Pollution Control Board,Industrial Area,18.0,22.0,79.0,,
269,38,2012-09-20,Tamil Nadu,Chennai,"Kathivakkam, Municipal Kalyana Mandapam, Chennai",Tamilnadu State Pollution Control Board,Industrial Area,13.0,18.0,80.0,,
270,38,2012-09-25,Tamil Nadu,Chennai,"Kathivakkam, Municipal Kalyana Mandapam, Chennai",Tamilnadu State Pollution Control Board,Industrial Area,15.0,19.0,81.0,,
271,38,2012-09-27,Tamil Nadu,Chennai,"Kathivakkam, Municipal Kalyana Mandapam, Chennai",Tamilnadu State Pollution Control Board,Industrial Area,14.0,18.0,77.0,,
272,38,2012-04-10,Tamil Nadu,Chennai,"Kathivakkam, Municipal Kalyana Mandapam, Chennai",Tamilnadu State Pollution Control Board,Industrial Area,13.0,17.0,95.0,,
273,38,2012-09-10,Tamil Nadu,Chennai,"Kathivakkam, Municipal Kalyana Mandapam, Chennai",Tamilnadu State Pollution Control Board,Industrial Area,15.0,19.0,118.0,,
274,38,2012-11-10,Tamil Nadu,Chennai,"Kathivakkam, Municipal Kalyana Mandapam, Chennai",Tamilnadu State Pollution Control Board,Industrial Area,12.0,18.0,102.0,,
275,38,2012-10-16,Tamil Nadu,Chennai,"Kathivakkam, Municipal Kalyana Mandapam, Chennai",Tamilnadu State Pollution Control Board,Industrial Area,12.0,19.0,94.0,,
276,38,2012-10-18,Tamil Nadu,Chennai,"Kathivakkam, Municipal Kalyana Mandapam, Chennai",Tamilnadu State Pollution Control Board,Industrial Area,15.0,16.0,73.0,,
277,38,2012-10-25,Tamil Nadu,Chennai,"Kathivakkam, Municipal Kalyana Mandapam, Chennai",Tamilnadu State Pollution Control Board,Industrial Area,15.0,17.0,88.0,,
278,38,2012-01-11,Tamil Nadu,Chennai,"Kathivakkam, Municipal Kalyana Mandapam, Chennai",Tamilnadu State Pollution Control Board,Industrial Area,17.0,46.0,95.0,,
279,38,2012-06-11,Tamil Nadu,Chennai,"Kathivakkam, Municipal Kalyana Mandapam, Chennai",Tamilnadu State Pollution Control Board,Industrial Area,14.0,42.0,77.0,,
280,38,2012-08-11,Tamil Nadu,Chennai,"Kathivakkam, Municipal Kalyana Mandapam, Chennai",Tamilnadu State Pollution Control Board,Industrial Area,15.0,44.0,76.0,,
281,38,2012-11-15,Tamil Nadu,Chennai,"Kathivakkam, Municipal Kalyana Mandapam, Chennai",Tamilnadu State Pollution Control Board,Industrial Area,13.0,42.0,90.0,,
282,38,2012-11-20,Tamil Nadu,Chennai,"Kathivakkam, Municipal Kalyana Mandapam, Chennai",Tamilnadu State Pollution Control Board,Industrial Area,17.0,44.0,88.0,,
283,38,2012-11-22,Tamil Nadu,Chennai,"Kathivakkam, Municipal Kalyana Mandapam, Chennai",Tamilnadu State Pollution Control Board,Industrial Area,13.0,33.0,61.0,,
284,38,2012-11-27,Tamil Nadu,Chennai,"Kathivakkam, Municipal Kalyana Mandapam, Chennai",Tamilnadu State Pollution Control Board,Industrial Area,12.0,46.0,106.0,,
285,38,2012-11-29,Tamil Nadu,Chennai,"Kathivakkam, Municipal Kalyana Mandapam, Chennai",Tamilnadu State Pollution Control Board,Industrial Area,14.0,39.0,65.0,,
286,38,2012-04-12,Tamil Nadu,Chennai,"Kathivakkam, Municipal Kalyana Mandapam, Chennai",Tamilnadu State Pollution Control Board,Industrial Area,15.0,17.0,37.0,,
287,38,2012-06-12,Tamil Nadu,Chennai,"Kathivakkam, Municipal Kalyana Mandapam, Chennai",Tamilnadu State Pollution Control Board,Industrial Area,13.0,16.0,85.0,,
288,38,2012-11-12,Tamil Nadu,Chennai,"Kathivakkam, Municipal Kalyana Mandapam, Chennai",Tamilnadu State Pollution Control Board,Industrial Area,12.0,16.0,100.0,,
289,38,2012-12-13,Tamil Nadu,Chennai,"Kathivakkam, Municipal Kalyana Mandapam, Chennai",Tamilnadu State Pollution Control Board,Industrial Area,11.0,16.0,87.0,,
290,38,2012-12-18,Tamil Nadu,Chennai,"Kathivakkam, Municipal Kalyana Mandapam, Chennai",Tamilnadu State Pollution Control Board,Industrial Area,15.0,16.0,105.0,,
291,38,2012-12-20,Tamil Nadu,Chennai,"Kathivakkam, Municipal Kalyana Mandapam, Chennai",Tamilnadu State Pollution Control Board,Industrial Area,14.0,16.0,89.0,,
292,38,2012-12-27,Tamil Nadu,Chennai,"Kathivakkam, Municipal Kalyana Mandapam, Chennai",Tamilnadu State Pollution Control Board,Industrial Area,11.0,21.0,104.0,,
293,38,2013-03-01,Tamil Nadu,Chennai,"Kathivakkam, Municipal Kalyana Mandapam, Chennai",Tamilnadu State Pollution Control Board,Industrial Area,14.0,20.0,93.0,,
294,38,2013-08-01,Tamil Nadu,Chennai,"Kathivakkam, Municipal Kalyana Mandapam, Chennai",Tamilnadu State Pollution Control Board,Industrial Area,16.0,23.0,79.0,,
295,38,2013-10-01,Tamil Nadu,Chennai,"Kathivakkam, Municipal Kalyana Mandapam, Chennai",Tamilnadu State Pollution Control Board,Industrial Area,16.0,16.0,69.0,,
296,38,2013-01-17,Tamil Nadu,Chennai,"Kathivakkam, Municipal Kalyana Mandapam, Chennai",Tamilnadu State Pollution Control Board,Industrial Area,14.0,19.0,74.0,,
297,38,2013-01-22,Tamil Nadu,Chennai,"Kathivakkam, Municipal Kalyana Mandapam, Chennai",Tamilnadu State Pollution Control Board,Industrial Area,15.0,20.0,82.0,,
298,38,2013-01-24,Tamil Nadu,Chennai,"Kathivakkam, Municipal Kalyana Mandapam, Chennai",Tamilnadu State Pollution Control Board,Industrial Area,15.0,19.0,77.0,,
299,38,2013-01-29,Tamil Nadu,Chennai,"Kathivakkam, Municipal Kalyana Mandapam, Chennai",Tamilnadu State Pollution Control Board,Industrial Area,14.0,16.0,87.0,,
300,38,2013-01-31,Tamil Nadu,Chennai,"Kathivakkam, Municipal Kalyana Mandapam, Chennai",Tamilnadu State Pollution Control Board,Industrial Area,17.0,18.0,72.0,,
301,38,2013-05-02,Tamil Nadu,Chennai,"Kathivakkam, Municipal Kalyana Mandapam, Chennai",Tamilnadu State Pollution Control Board,Industrial Area,14.0,19.0,49.0,,
302,38,2013-07-02,Tamil Nadu,Chennai,"Kathivakkam, Municipal Kalyana Mandapam, Chennai",Tamilnadu State Pollution Control Board,Industrial Area,13.0,19.0,51.0,,
303,38,2013-12-02,Tamil Nadu,Chennai,"Kathivakkam, Municipal Kalyana Mandapam, Chennai",Tamilnadu State Pollution Control Board,Industrial Area,13.0,17.0,65.0,,
304,38,2013-02-14,Tamil Nadu,Chennai,"Kathivakkam, Municipal Kalyana Mandapam, Chennai",Tamilnadu State Pollution Control Board,Industrial Area,14.0,14.0,39.0,,
305,38,2013-02-19,Tamil Nadu,Chennai,"Kathivakkam, Municipal Kalyana Mandapam, Chennai",Tamilnadu State Pollution Control Board,Industrial Area,17.0,16.0,47.0,,
306,38,2013-02-21,Tamil Nadu,Chennai,"Kathivakkam, Municipal Kalyana Mandapam, Chennai",Tamilnadu State Pollution Control Board,Industrial Area,13.0,16.0,40.0,,
307,38,2013-02-26,Tamil Nadu,Chennai,"Kathivakkam, Municipal Kalyana Mandapam, Chennai",Tamilnadu State Pollution Control Board,Industrial Area,15.0,15.0,70.0,,
308,38,2013-02-28,Tamil Nadu,Chennai,"Kathivakkam, Municipal Kalyana Mandapam, Chennai",Tamilnadu State Pollution Control Board,Industrial Area,15.0,19.0,75.0,,
309,38,2013-05-03,Tamil Nadu,Chennai,"Kathivakkam, Municipal Kalyana Mandapam, Chennai",Tamilnadu State Pollution Control Board,Industrial Area,16.0,16.0,47.0,,
310,38,2013-07-03,Tamil Nadu,Chennai,"Kathivakkam, Municipal Kalyana Mandapam, Chennai",Tamilnadu State Pollution Control Board,Industrial Area,16.0,18.0,51.0,,
311,38,2013-12-03,Tamil Nadu,Chennai,"Kathivakkam, Municipal Kalyana Mandapam, Chennai",Tamilnadu State Pollution Control Board,Industrial Area,15.0,19.0,65.0,,
312,38,2013-03-14,Tamil Nadu,Chennai,"Kathivakkam, Municipal Kalyana Mandapam, Chennai",Tamilnadu State Pollution Control Board,Industrial Area,18.0,20.0,62.0,,
313,38,2013-03-19,Tamil Nadu,Chennai,"Kathivakkam, Municipal Kalyana Mandapam, Chennai",Tamilnadu State Pollution Control Board,Industrial Area,14.0,19.0,41.0,,
314,38,2013-03-21,Tamil Nadu,Chennai,"Kathivakkam, Municipal Kalyana Mandapam, Chennai",Tamilnadu State Pollution Control Board,Industrial Area,16.0,19.0,55.0,,
315,38,2013-03-26,Tamil Nadu,Chennai,"Kathivakkam, Municipal Kalyana Mandapam, Chennai",Tamilnadu State Pollution Control Board,Industrial Area,16.0,19.0,62.0,,
316,38,2013-03-28,Tamil Nadu,Chennai,"Kathivakkam, Municipal Kalyana Mandapam, Chennai",Tamilnadu State Pollution Control Board,Industrial Area,15.0,18.0,43.0,,
317,38,2013-02-04,Tamil Nadu,Chennai,"Kathivakkam, Municipal Kalyana Mandapam, Chennai",Tamilnadu State Pollution Control Board,Industrial Area,19.0,19.0,54.0,,
318,38,2013-04-04,Tamil Nadu,Chennai,"Kathivakkam, Municipal Kalyana Mandapam, Chennai",Tamilnadu State Pollution Control Board,Industrial Area,17.0,19.0,78.0,,
319,38,2013-09-04,Tamil Nadu,Chennai,"Kathivakkam, Municipal Kalyana Mandapam, Chennai",Tamilnadu State Pollution Control Board,Industrial Area,19.0,16.0,74.0,,
320,38,2013-04-16,Tamil Nadu,Chennai,"Kathivakkam, Municipal Kalyana Mandapam, Chennai",Tamilnadu State Pollution Control Board,Industrial Area,15.0,17.0,82.0,,
321,38,2013-04-18,Tamil Nadu,Chennai,"Kathivakkam, Municipal Kalyana Mandapam, Chennai",Tamilnadu State Pollution Control Board,Industrial Area,14.0,16.0,105.0,,
322,38,2013-04-23,Tamil Nadu,Chennai,"Kathivakkam, Municipal Kalyana Mandapam, Chennai",Tamilnadu State Pollution Control Board,Industrial Area,18.0,17.0,79.0,,
323,38,2013-04-25,Tamil Nadu,Chennai,"Kathivakkam, Municipal Kalyana Mandapam, Chennai",Tamilnadu State Pollution Control Board,Industrial Area,14.0,17.0,81.0,,
324,38,2013-04-30,Tamil Nadu,Chennai,"Kathivakkam, Municipal Kalyana Mandapam, Chennai",Tamilnadu State Pollution Control Board,Industrial Area,12.0,14.0,52.0,,
325,38,2013-02-05,Tamil Nadu,Chennai,"Kathivakkam, Municipal Kalyana Mandapam, Chennai",Tamilnadu State Pollution Control Board,Industrial Area,17.0,21.0,69.0,,
326,38,2013-07-05,Tamil Nadu,Chennai,"Kathivakkam, Municipal Kalyana Mandapam, Chennai",Tamilnadu State Pollution Control Board,Industrial Area,18.0,18.0,49.0,,
327,38,2013-09-05,Tamil Nadu,Chennai,"Kathivakkam, Municipal Kalyana Mandapam, Chennai",Tamilnadu State Pollution Control Board,Industrial Area,20.0,21.0,54.0,,
328,38,2013-05-14,Tamil Nadu,Chennai,"Kathivakkam, Municipal Kalyana Mandapam, Chennai",Tamilnadu State Pollution Control Board,Industrial Area,19.0,18.0,72.0,,
329,38,2013-05-16,Tamil Nadu,Chennai,"Kathivakkam, Municipal Kalyana Mandapam, Chennai",Tamilnadu State Pollution Control Board,Industrial Area,21.0,19.0,74.0,,
330,38,2013-05-21,Tamil Nadu,Chennai,"Kathivakkam, Municipal Kalyana Mandapam, Chennai",Tamilnadu State Pollution Control Board,Industrial Area,20.0,21.0,59.0,,
331,38,2013-05-23,Tamil Nadu,Chennai,"Kathivakkam, Municipal Kalyana Mandapam, Chennai",Tamilnadu State Pollution Control Board,Industrial Area,14.0,17.0,69.0,,
332,38,2013-05-28,Tamil Nadu,Chennai,"Kathivakkam, Municipal Kalyana Mandapam, Chennai",Tamilnadu State Pollution Control Board,Industrial Area,19.0,18.0,98.0,,
333,38,2013-05-30,Tamil Nadu,Chennai,"Kathivakkam, Municipal Kalyana Mandapam, Chennai",Tamilnadu State Pollution Control Board,Industrial Area,17.0,20.0,61.0,,
334,38,2013-04-06,Tamil Nadu,Chennai,"Kathivakkam, Municipal Kalyana Mandapam, Chennai",Tamilnadu State Pollution Control Board,Industrial Area,16.0,17.0,61.0,,
335,38,2013-06-06,Tamil Nadu,Chennai,"Kathivakkam, Municipal Kalyana Mandapam, Chennai",Tamilnadu State Pollution Control Board,Industrial Area,13.0,19.0,51.0,,
336,38,2013-11-06,Tamil Nadu,Chennai,"Kathivakkam, Municipal Kalyana Mandapam, Chennai",Tamilnadu State Pollution Control Board,Industrial Area,15.0,19.0,91.0,,
337,38,2013-06-13,Tamil Nadu,Chennai,"Kathivakkam, Municipal Kalyana Mandapam, Chennai",Tamilnadu State Pollution Control Board,Industrial Area,14.0,20.0,72.0,,
338,38,2013-06-18,Tamil Nadu,Chennai,"Kathivakkam, Municipal Kalyana Mandapam, Chennai",Tamilnadu State Pollution Control Board,Industrial Area,14.0,19.0,54.0,,
339,38,2013-06-20,Tamil Nadu,Chennai,"Kathivakkam, Municipal Kalyana Mandapam, Chennai",Tamilnadu State Pollution Control Board,Industrial Area,18.0,18.0,50.0,,
340,38,2013-06-25,Tamil Nadu,Chennai,"Kathivakkam, Municipal Kalyana Mandapam, Chennai",Tamilnadu State Pollution Control Board,Industrial Area,16.0,21.0,53.0,,
341,38,2013-06-27,Tamil Nadu,Chennai,"Kathivakkam, Municipal Kalyana Mandapam, Chennai",Tamilnadu State Pollution Control Board,Industrial Area,16.0,21.0,51.0,,
342,38,2013-02-07,Tamil Nadu,Chennai,"Kathivakkam, Municipal Kalyana Mandapam, Chennai",Tamilnadu State Pollution Control Board,Industrial Area,15.0,18.0,66.0,,
343,38,2013-04-07,Tamil Nadu,Chennai,"Kathivakkam, Municipal Kalyana Mandapam, Chennai",Tamilnadu State Pollution Control Board,Industrial Area,15.0,19.0,62.0,,
344,38,2013-09-07,Tamil Nadu,Chennai,"Kathivakkam, Municipal Kalyana Mandapam, Chennai",Tamilnadu State Pollution Control Board,Industrial Area,13.0,17.0,62.0,,
345,38,2013-11-07,Tamil Nadu,Chennai,"Kathivakkam, Municipal Kalyana Mandapam, Chennai",Tamilnadu State Pollution Control Board,Industrial Area,15.0,17.0,65.0,,
346,38,2013-07-16,Tamil Nadu,Chennai,"Kathivakkam, Municipal Kalyana Mandapam, Chennai",Tamilnadu State Pollution Control Board,Industrial Area,11.0,14.0,59.0,,
347,38,2013-07-18,Tamil Nadu,Chennai,"Kathivakkam, Municipal Kalyana Mandapam, Chennai",Tamilnadu State Pollution Control Board,Industrial Area,14.0,17.0,47.0,,
348,38,2013-07-23,Tamil Nadu,Chennai,"Kathivakkam, Municipal Kalyana Mandapam, Chennai",Tamilnadu State Pollution Control Board,Industrial Area,12.0,15.0,64.0,,
349,38,2013-07-25,Tamil Nadu,Chennai,"Kathivakkam, Municipal Kalyana Mandapam, Chennai",Tamilnadu State Pollution Control Board,Industrial Area,16.0,18.0,63.0,,
350,38,2013-07-30,Tamil Nadu,Chennai,"Kathivakkam, Municipal Kalyana Mandapam, Chennai",Tamilnadu State Pollution Control Board,Industrial Area,15.0,18.0,56.0,,
351,38,2013-01-08,Tamil Nadu,Chennai,"Kathivakkam, Municipal Kalyana Mandapam, Chennai",Tamilnadu State Pollution Control Board,Industrial Area,12.0,16.0,59.0,,
352,38,2013-06-08,Tamil Nadu,Chennai,"Kathivakkam, Municipal Kalyana Mandapam, Chennai",Tamilnadu State Pollution Control Board,Industrial Area,14.0,17.0,57.0,,
353,38,2013-08-08,Tamil Nadu,Chennai,"Kathivakkam, Municipal Kalyana Mandapam, Chennai",Tamilnadu State Pollution Control Board,Industrial Area,13.0,17.0,54.0,,
354,38,2013-08-13,Tamil Nadu,Chennai,"Kathivakkam, Municipal Kalyana Mandapam, Chennai",Tamilnadu State Pollution Control Board,Industrial Area,15.0,19.0,45.0,,
355,38,2013-08-20,Tamil Nadu,Chennai,"Kathivakkam, Municipal Kalyana Mandapam, Chennai",Tamilnadu State Pollution Control Board,Industrial Area,17.0,21.0,49.0,,
356,38,2013-08-22,Tamil Nadu,Chennai,"Kathivakkam, Municipal Kalyana Mandapam, Chennai",Tamilnadu State Pollution Control Board,Industrial Area,17.0,18.0,55.0,,
357,38,2013-08-27,Tamil Nadu,Chennai,"Kathivakkam, Municipal Kalyana Mandapam, Chennai",Tamilnadu State Pollution Control Board,Industrial Area,15.0,19.0,59.0,,
358,38,2013-08-29,Tamil Nadu,Chennai,"Kathivakkam, Municipal Kalyana Mandapam, Chennai",Tamilnadu State Pollution Control Board,Industrial Area,16.0,18.0,63.0,,
359,38,2013-03-09,Tamil Nadu,Chennai,"Kathivakkam, Municipal Kalyana Mandapam, Chennai",Tamilnadu State Pollution Control Board,Industrial Area,16.0,19.0,53.0,,
360,38,2013-05-09,Tamil Nadu,Chennai,"Kathivakkam, Municipal Kalyana Mandapam, Chennai",Tamilnadu State Pollution Control Board,Industrial Area,16.0,18.0,56.0,,
361,38,2013-10-09,Tamil Nadu,Chennai,"Kathivakkam, Municipal Kalyana Mandapam, Chennai",Tamilnadu State Pollution Control Board,Industrial Area,14.0,20.0,56.0,,
362,38,2013-12-09,Tamil Nadu,Chennai,"Kathivakkam, Municipal Kalyana Mandapam, Chennai",Tamilnadu State Pollution Control Board,Industrial Area,12.0,15.0,37.0,,
363,38,2013-09-17,Tamil Nadu,Chennai,"Kathivakkam, Municipal Kalyana Mandapam, Chennai",Tamilnadu State Pollution Control Board,Industrial Area,15.0,16.0,58.0,,
364,38,2013-09-19,Tamil Nadu,Chennai,"Kathivakkam, Municipal Kalyana Mandapam, Chennai",Tamilnadu State Pollution Control Board,Industrial Area,15.0,17.0,52.0,,
365,38,2013-09-24,Tamil Nadu,Chennai,"Kathivakkam, Municipal Kalyana Mandapam, Chennai",Tamilnadu State Pollution Control Board,Industrial Area,15.0,18.0,59.0,,
366,38,2013-09-26,Tamil Nadu,Chennai,"Kathivakkam, Municipal Kalyana Mandapam, Chennai",Tamilnadu State Pollution Control Board,Industrial Area,17.0,16.0,49.0,,
367,38,2013-01-10,Tamil Nadu,Chennai,"Kathivakkam, Municipal Kalyana Mandapam, Chennai",Tamilnadu State Pollution Control Board,Industrial Area,15.0,20.0,43.0,,
368,38,2013-03-10,Tamil Nadu,Chennai,"Kathivakkam, Municipal Kalyana Mandapam, Chennai",Tamilnadu State Pollution Control Board,Industrial Area,15.0,19.0,30.0,,
369,38,2013-08-10,Tamil Nadu,Chennai,"Kathivakkam, Municipal Kalyana Mandapam, Chennai",Tamilnadu State Pollution Control Board,Industrial Area,15.0,18.0,43.0,,
370,38,2013-10-10,Tamil Nadu,Chennai,"Kathivakkam, Municipal Kalyana Mandapam, Chennai",Tamilnadu State Pollution Control Board,Industrial Area,15.0,19.0,37.0,,
371,38,2013-10-15,Tamil Nadu,Chennai,"Kathivakkam, Municipal Kalyana Mandapam, Chennai",Tamilnadu State Pollution Control Board,Industrial Area,16.0,14.0,39.0,,
372,38,2013-10-17,Tamil Nadu,Chennai,"Kathivakkam, Municipal Kalyana Mandapam, Chennai",Tamilnadu State Pollution Control Board,Industrial Area,16.0,19.0,37.0,,
373,38,2013-10-22,Tamil Nadu,Chennai,"Kathivakkam, Municipal Kalyana Mandapam, Chennai",Tamilnadu State Pollution Control Board,Industrial Area,12.0,19.0,44.0,,
374,38,2013-10-24,Tamil Nadu,Chennai,"Kathivakkam, Municipal Kalyana Mandapam, Chennai",Tamilnadu State Pollution Control Board,Industrial Area,17.0,19.0,35.0,,
375,38,2013-10-29,Tamil Nadu,Chennai,"Kathivakkam, Municipal Kalyana Mandapam, Chennai",Tamilnadu State Pollution Control Board,Industrial Area,13.0,18.0,31.0,,
376,38,2013-10-31,Tamil Nadu,Chennai,"Kathivakkam, Municipal Kalyana Mandapam, Chennai",Tamilnadu State Pollution Control Board,Industrial Area,16.0,18.0,30.0,,
377,38,2013-05-11,Tamil Nadu,Chennai,"Kathivakkam, Municipal Kalyana Mandapam, Chennai",Tamilnadu State Pollution Control Board,Industrial Area,15.0,18.0,50.0,,
378,38,2013-07-11,Tamil Nadu,Chennai,"Kathivakkam, Municipal Kalyana Mandapam, Chennai",Tamilnadu State Pollution Control Board,Industrial Area,15.0,17.0,52.0,,
379,38,2013-12-11,Tamil Nadu,Chennai,"Kathivakkam, Municipal Kalyana Mandapam, Chennai",Tamilnadu State Pollution Control Board,Industrial Area,15.0,16.0,55.0,,
380,38,2013-11-14,Tamil Nadu,Chennai,"Kathivakkam, Municipal Kalyana Mandapam, Chennai",Tamilnadu State Pollution Control Board,Industrial Area,15.0,14.0,71.0,,
381,38,2013-11-19,Tamil Nadu,Chennai,"Kathivakkam, Municipal Kalyana Mandapam, Chennai",Tamilnadu State Pollution Control Board,Industrial Area,15.0,18.0,45.0,,
382,38,2013-11-21,Tamil Nadu,Chennai,"Kathivakkam, Municipal Kalyana Mandapam, Chennai",Tamilnadu State Pollution Control Board,Industrial Area,15.0,16.0,55.0,,
383,38,2013-11-26,Tamil Nadu,Chennai,"Kathivakkam, Municipal Kalyana Mandapam, Chennai",Tamilnadu State Pollution Control Board,Industrial Area,18.0,15.0,45.0,,
384,38,2013-11-28,Tamil Nadu,Chennai,"Kathivakkam, Municipal Kalyana Mandapam, Chennai",Tamilnadu State Pollution Control Board,Industrial Area,12.0,19.0,41.0,,
385,38,2013-03-12,Tamil Nadu,Chennai,"Kathivakkam, Municipal Kalyana Mandapam, Chennai",Tamilnadu State Pollution Control Board,Industrial Area,12.0,13.0,34.0,,
386,38,2013-05-12,Tamil Nadu,Chennai,"Kathivakkam, Municipal Kalyana Mandapam, Chennai",Tamilnadu State Pollution Control Board,Industrial Area,14.0,16.0,75.0,,
387,38,2013-10-12,Tamil Nadu,Chennai,"Kathivakkam, Municipal Kalyana Mandapam, Chennai",Tamilnadu State Pollution Control Board,Industrial Area,14.0,15.0,63.0,,
388,38,2013-12-12,Tamil Nadu,Chennai,"Kathivakkam, Municipal Kalyana Mandapam, Chennai",Tamilnadu State Pollution Control Board,Industrial Area,14.0,16.0,38.0,,
389,38,2013-12-17,Tamil Nadu,Chennai,"Kathivakkam, Municipal Kalyana Mandapam, Chennai",Tamilnadu State Pollution Control Board,Industrial Area,15.0,19.0,40.0,,
390,38,2013-12-19,Tamil Nadu,Chennai,"Kathivakkam, Municipal Kalyana Mandapam, Chennai",Tamilnadu State Pollution Control Board,Industrial Area,14.0,14.0,31.0,,
391,38,2013-12-24,Tamil Nadu,Chennai,"Kathivakkam, Municipal Kalyana Mandapam, Chennai",Tamilnadu State Pollution Control Board,Industrial Area,14.0,15.0,48.0,,
392,38,2013-12-26,Tamil Nadu,Chennai,"Kathivakkam, Municipal Kalyana Mandapam, Chennai",Tamilnadu State Pollution Control Board,Industrial Area,16.0,15.0,53.0,,
393,38,2013-12-31,Tamil Nadu,Chennai,"Kathivakkam, Municipal Kalyana Mandapam, Chennai",Tamilnadu State Pollution Control Board,Industrial Area,11.0,15.0,49.0,,
394,38,2014-02-01,Tamil Nadu,Chennai,"Kathivakkam, Municipal Kalyana Mandapam, Chennai",Tamilnadu State Pollution Control Board,Industrial Area,11.0,17.0,55.0,,
395,38,2014-07-01,Tamil Nadu,Chennai,"Kathivakkam, Municipal Kalyana Mandapam, Chennai",Tamilnadu State Pollution Control Board,Industrial Area,13.0,17.0,45.0,,
396,38,2014-01-21,Tamil Nadu,Chennai,"Kathivakkam, Municipal Kalyana Mandapam, Chennai",Tamilnadu State Pollution Control Board,Industrial Area,12.0,18.0,50.0,,
397,38,2014-01-23,Tamil Nadu,Chennai,"Kathivakkam, Municipal Kalyana Mandapam, Chennai",Tamilnadu State Pollution Control Board,Industrial Area,15.0,16.0,46.0,,
398,38,2014-01-28,Tamil Nadu,Chennai,"Kathivakkam, Municipal Kalyana Mandapam, Chennai",Tamilnadu State Pollution Control Board,Industrial Area,13.0,14.0,42.0,,
399,38,2014-01-30,Tamil Nadu,Chennai,"Kathivakkam, Municipal Kalyana Mandapam, Chennai",Tamilnadu State Pollution Control Board,Industrial Area,14.0,18.0,43.0,,
400,38,2014-04-02,Tamil Nadu,Chennai,"Kathivakkam, Municipal Kalyana Mandapam, Chennai",Tamilnadu State Pollution Control Board,Industrial Area,12.0,17.0,51.0,,
401,38,2014-06-02,Tamil Nadu,Chennai,"Kathivakkam, Municipal Kalyana Mandapam, Chennai",Tamilnadu State Pollution Control Board,Industrial Area,13.0,16.0,46.0,,
402,38,2014-11-02,Tamil Nadu,Chennai,"Kathivakkam, Municipal Kalyana Mandapam, Chennai",Tamilnadu State Pollution Control Board,Industrial Area,10.0,19.0,50.0,,
403,38,2014-02-13,Tamil Nadu,Chennai,"Kathivakkam, Municipal Kalyana Mandapam, Chennai",Tamilnadu State Pollution Control Board,Industrial Area,15.0,14.0,48.0,,
404,38,2014-02-18,Tamil Nadu,Chennai,"Kathivakkam, Municipal Kalyana Mandapam, Chennai",Tamilnadu State Pollution Control Board,Industrial Area,14.0,16.0,32.0,,
405,38,2014-02-20,Tamil Nadu,Chennai,"Kathivakkam, Municipal Kalyana Mandapam, Chennai",Tamilnadu State Pollution Control Board,Industrial Area,14.0,14.0,29.0,,
406,38,2014-02-25,Tamil Nadu,Chennai,"Kathivakkam, Municipal Kalyana Mandapam, Chennai",Tamilnadu State Pollution Control Board,Industrial Area,13.0,17.0,17.0,,
407,38,2014-02-27,Tamil Nadu,Chennai,"Kathivakkam, Municipal Kalyana Mandapam, Chennai",Tamilnadu State Pollution Control Board,Industrial Area,15.0,16.0,44.0,,
408,38,2014-04-03,Tamil Nadu,Chennai,"Kathivakkam, Municipal Kalyana Mandapam, Chennai",Tamilnadu State Pollution Control Board,Industrial Area,12.0,17.0,25.0,,
409,38,2014-06-03,Tamil Nadu,Chennai,"Kathivakkam, Municipal Kalyana Mandapam, Chennai",Tamilnadu State Pollution Control Board,Industrial Area,13.0,16.0,29.0,,
410,38,2014-11-03,Tamil Nadu,Chennai,"Kathivakkam, Municipal Kalyana Mandapam, Chennai",Tamilnadu State Pollution Control Board,Industrial Area,11.0,18.0,29.0,,
411,38,2014-03-13,Tamil Nadu,Chennai,"Kathivakkam, Municipal Kalyana Mandapam, Chennai",Tamilnadu State Pollution Control Board,Industrial Area,15.0,16.0,41.0,,
412,38,2014-03-18,Tamil Nadu,Chennai,"Kathivakkam, Municipal Kalyana Mandapam, Chennai",Tamilnadu State Pollution Control Board,Industrial Area,14.0,17.0,43.0,,
413,38,2014-03-20,Tamil Nadu,Chennai,"Kathivakkam, Municipal Kalyana Mandapam, Chennai",Tamilnadu State Pollution Control Board,Industrial Area,14.0,14.0,42.0,,
414,38,2014-03-25,Tamil Nadu,Chennai,"Kathivakkam, Municipal Kalyana Mandapam, Chennai",Tamilnadu State Pollution Control Board,Industrial Area,14.0,17.0,54.0,,
415,38,2014-03-27,Tamil Nadu,Chennai,"Kathivakkam, Municipal Kalyana Mandapam, Chennai",Tamilnadu State Pollution Control Board,Industrial Area,15.0,19.0,62.0,,
416,38,2014-01-04,Tamil Nadu,Chennai,"Kathivakkam, Municipal Kalyana Mandapam, Chennai",Tamilnadu State Pollution Control Board,Industrial Area,14.0,15.0,66.0,,
417,38,2014-03-04,Tamil Nadu,Chennai,"Kathivakkam, Municipal Kalyana Mandapam, Chennai",Tamilnadu State Pollution Control Board,Industrial Area,11.0,16.0,40.0,,
418,38,2014-08-04,Tamil Nadu,Chennai,"Kathivakkam, Municipal Kalyana Mandapam, Chennai",Tamilnadu State Pollution Control Board,Industrial Area,14.0,17.0,56.0,,
419,38,2014-10-04,Tamil Nadu,Chennai,"Kathivakkam, Municipal Kalyana Mandapam, Chennai",Tamilnadu State Pollution Control Board,Industrial Area,15.0,17.0,50.0,,
420,38,2014-04-15,Tamil Nadu,Chennai,"Kathivakkam, Municipal Kalyana Mandapam, Chennai",Tamilnadu State Pollution Control Board,Industrial Area,12.0,14.0,49.0,,
421,38,2014-04-17,Tamil Nadu,Chennai,"Kathivakkam, Municipal Kalyana Mandapam, Chennai",Tamilnadu State Pollution Control Board,Industrial Area,15.0,16.0,63.0,,
422,38,2014-04-22,Tamil Nadu,Chennai,"Kathivakkam, Municipal Kalyana Mandapam, Chennai",Tamilnadu State Pollution Control Board,Industrial Area,15.0,18.0,42.0,,
423,38,2014-04-29,Tamil Nadu,Chennai,"Kathivakkam, Municipal Kalyana Mandapam, Chennai",Tamilnadu State Pollution Control Board,Industrial Area,12.0,18.0,44.0,,
424,38,2014-06-05,Tamil Nadu,Chennai,"Kathivakkam, Municipal Kalyana Mandapam, Chennai",Tamilnadu State Pollution Control Board,Industrial Area,13.0,13.0,43.0,,
425,38,2014-08-05,Tamil Nadu,Chennai,"Kathivakkam, Municipal Kalyana Mandapam, Chennai",Tamilnadu State Pollution Control Board,Industrial Area,14.0,14.0,48.0,,
426,38,2014-05-13,Tamil Nadu,Chennai,"Kathivakkam, Municipal Kalyana Mandapam, Chennai",Tamilnadu State Pollution Control Board,Industrial Area,14.0,13.0,63.0,,
427,38,2014-05-15,Tamil Nadu,Chennai,"Kathivakkam, Municipal Kalyana Mandapam, Chennai",Tamilnadu State Pollution Control Board,Industrial Area,12.0,15.0,119.0,,
428,38,2014-05-20,Tamil Nadu,Chennai,"Kathivakkam, Municipal Kalyana Mandapam, Chennai",Tamilnadu State Pollution Control Board,Industrial Area,13.0,18.0,61.0,,
429,38,2014-05-27,Tamil Nadu,Chennai,"Kathivakkam, Municipal Kalyana Mandapam, Chennai",Tamilnadu State Pollution Control Board,Industrial Area,12.0,16.0,48.0,,
430,38,2014-05-29,Tamil Nadu,Chennai,"Kathivakkam, Municipal Kalyana Mandapam, Chennai",Tamilnadu State Pollution Control Board,Industrial Area,10.0,16.0,52.0,,
431,38,2014-03-06,Tamil Nadu,Chennai,"Kathivakkam, Municipal Kalyana Mandapam, Chennai",Tamilnadu State Pollution Control Board,Industrial Area,14.0,18.0,43.0,,
432,38,2014-05-06,Tamil Nadu,Chennai,"Kathivakkam, Municipal Kalyana Mandapam, Chennai",Tamilnadu State Pollution Control Board,Industrial Area,12.0,15.0,53.0,,
433,38,2014-10-06,Tamil Nadu,Chennai,"Kathivakkam, Municipal Kalyana Mandapam, Chennai",Tamilnadu State Pollution Control Board,Industrial Area,13.0,20.0,57.0,,
434,38,2014-12-06,Tamil Nadu,Chennai,"Kathivakkam, Municipal Kalyana Mandapam, Chennai",Tamilnadu State Pollution Control Board,Industrial Area,14.0,18.0,39.0,,
435,38,2014-06-17,Tamil Nadu,Chennai,"Kathivakkam, Municipal Kalyana Mandapam, Chennai",Tamilnadu State Pollution Control Board,Industrial Area,12.0,14.0,47.0,,
436,38,2014-06-19,Tamil Nadu,Chennai,"Kathivakkam, Municipal Kalyana Mandapam, Chennai",Tamilnadu State Pollution Control Board,Industrial Area,13.0,16.0,45.0,,
437,38,2014-06-24,Tamil Nadu,Chennai,"Kathivakkam, Municipal Kalyana Mandapam, Chennai",Tamilnadu State Pollution Control Board,Industrial Area,15.0,16.0,43.0,,
438,38,2014-06-26,Tamil Nadu,Chennai,"Kathivakkam, Municipal Kalyana Mandapam, Chennai",Tamilnadu State Pollution Control Board,Industrial Area,11.0,15.0,40.0,,
439,38,2014-01-07,Tamil Nadu,Chennai,"Kathivakkam, Municipal Kalyana Mandapam, Chennai",Tamilnadu State Pollution Control Board,Industrial Area,14.0,17.0,46.0,,
440,38,2014-03-07,Tamil Nadu,Chennai,"Kathivakkam, Municipal Kalyana Mandapam, Chennai",Tamilnadu State Pollution Control Board,Industrial Area,13.0,17.0,55.0,,
441,38,2014-08-07,Tamil Nadu,Chennai,"Kathivakkam, Municipal Kalyana Mandapam, Chennai",Tamilnadu State Pollution Control Board,Industrial Area,16.0,14.0,42.0,,
442,38,2014-10-07,Tamil Nadu,Chennai,"Kathivakkam, Municipal Kalyana Mandapam, Chennai",Tamilnadu State Pollution Control Board,Industrial Area,14.0,17.0,35.0,,
443,38,2014-07-15,Tamil Nadu,Chennai,"Kathivakkam, Municipal Kalyana Mandapam, Chennai",Tamilnadu State Pollution Control Board,Industrial Area,14.0,16.0,40.0,,
444,38,2014-07-17,Tamil Nadu,Chennai,"Kathivakkam, Municipal Kalyana Mandapam, Chennai",Tamilnadu State Pollution Control Board,Industrial Area,15.0,15.0,49.0,,
445,38,2014-07-22,Tamil Nadu,Chennai,"Kathivakkam, Municipal Kalyana Mandapam, Chennai",Tamilnadu State Pollution Control Board,Industrial Area,14.0,17.0,50.0,,
446,38,2014-07-24,Tamil Nadu,Chennai,"Kathivakkam, Municipal Kalyana Mandapam, Chennai",Tamilnadu State Pollution Control Board,Industrial Area,11.0,18.0,58.0,,
447,38,2014-07-31,Tamil Nadu,Chennai,"Kathivakkam, Municipal Kalyana Mandapam, Chennai",Tamilnadu State Pollution Control Board,Industrial Area,12.0,13.0,42.0,,
448,38,2014-05-08,Tamil Nadu,Chennai,"Kathivakkam, Municipal Kalyana Mandapam, Chennai",Tamilnadu State Pollution Control Board,Industrial Area,13.0,17.0,40.0,,
449,38,2014-07-08,Tamil Nadu,Chennai,"Kathivakkam, Municipal Kalyana Mandapam, Chennai",Tamilnadu State Pollution Control Board,Industrial Area,13.0,16.0,55.0,,
450,38,2014-12-08,Tamil Nadu,Chennai,"Kathivakkam, Municipal Kalyana Mandapam, Chennai",Tamilnadu State Pollution Control Board,Industrial Area,13.0,13.0,41.0,,
451,38,2014-08-14,Tamil Nadu,Chennai,"Kathivakkam, Municipal Kalyana Mandapam, Chennai",Tamilnadu State Pollution Control Board,Industrial Area,10.0,15.0,51.0,,
452,38,2014-08-19,Tamil Nadu,Chennai,"Kathivakkam, Municipal Kalyana Mandapam, Chennai",Tamilnadu State Pollution Control Board,Industrial Area,13.0,18.0,74.0,,
453,38,2014-08-21,Tamil Nadu,Chennai,"Kathivakkam, Municipal Kalyana Mandapam, Chennai",Tamilnadu State Pollution Control Board,Industrial Area,14.0,15.0,40.0,,
454,38,2014-08-26,Tamil Nadu,Chennai,"Kathivakkam, Municipal Kalyana Mandapam, Chennai",Tamilnadu State Pollution Control Board,Industrial Area,15.0,16.0,42.0,,
455,38,2014-08-28,Tamil Nadu,Chennai,"Kathivakkam, Municipal Kalyana Mandapam, Chennai",Tamilnadu State Pollution Control Board,Industrial Area,11.0,15.0,42.0,,
456,38,2014-02-09,Tamil Nadu,Chennai,"Kathivakkam, Municipal Kalyana Mandapam, Chennai",Tamilnadu State Pollution Control Board,Industrial Area,11.0,12.0,41.0,,
457,38,2014-04-09,Tamil Nadu,Chennai,"Kathivakkam, Municipal Kalyana Mandapam, Chennai",Tamilnadu State Pollution Control Board,Industrial Area,13.0,13.0,45.0,,
458,38,2014-09-09,Tamil Nadu,Chennai,"Kathivakkam, Municipal Kalyana Mandapam, Chennai",Tamilnadu State Pollution Control Board,Industrial Area,10.0,13.0,43.0,,
459,38,2014-11-09,Tamil Nadu,Chennai,"Kathivakkam, Municipal Kalyana Mandapam, Chennai",Tamilnadu State Pollution Control Board,Industrial Area,13.0,16.0,43.0,,
460,38,2014-09-16,Tamil Nadu,Chennai,"Kathivakkam, Municipal Kalyana Mandapam, Chennai",Tamilnadu State Pollution Control Board,Industrial Area,12.0,12.0,34.0,,
461,38,2014-09-18,Tamil Nadu,Chennai,"Kathivakkam, Municipal Kalyana Mandapam, Chennai",Tamilnadu State Pollution Control Board,Industrial Area,11.0,12.0,35.0,,
462,38,2014-09-23,Tamil Nadu,Chennai,"Kathivakkam, Municipal Kalyana Mandapam, Chennai",Tamilnadu State Pollution Control Board,Industrial Area,12.0,13.0,39.0,,
463,38,2014-09-25,Tamil Nadu,Chennai,"Kathivakkam, Municipal Kalyana Mandapam, Chennai",Tamilnadu State Pollution Control Board,Industrial Area,15.0,12.0,45.0,,
464,38,2014-09-30,Tamil Nadu,Chennai,"Kathivakkam, Municipal Kalyana Mandapam, Chennai",Tamilnadu State Pollution Control Board,Industrial Area,12.0,10.0,42.0,,
465,38,2014-07-10,Tamil Nadu,Chennai,"Kathivakkam, Municipal Kalyana Mandapam, Chennai",Tamilnadu State Pollution Control Board,Industrial Area,13.0,14.0,60.0,,
466,38,2014-09-10,Tamil Nadu,Chennai,"Kathivakkam, Municipal Kalyana Mandapam, Chennai",Tamilnadu State Pollution Control Board,Industrial Area,13.0,14.0,51.0,,
467,38,2014-10-14,Tamil Nadu,Chennai,"Kathivakkam, Municipal Kalyana Mandapam, Chennai",Tamilnadu State Pollution Control Board,Industrial Area,15.0,14.0,41.0,,
468,38,2014-10-16,Tamil Nadu,Chennai,"Kathivakkam, Municipal Kalyana Mandapam, Chennai",Tamilnadu State Pollution Control Board,Industrial Area,13.0,13.0,34.0,,
469,38,2014-10-21,Tamil Nadu,Chennai,"Kathivakkam, Municipal Kalyana Mandapam, Chennai",Tamilnadu State Pollution Control Board,Industrial Area,13.0,14.0,40.0,,
470,38,2014-10-23,Tamil Nadu,Chennai,"Kathivakkam, Municipal Kalyana Mandapam, Chennai",Tamilnadu State Pollution Control Board,Industrial Area,19.0,14.0,38.0,,
471,38,2014-10-28,Tamil Nadu,Chennai,"Kathivakkam, Municipal Kalyana Mandapam, Chennai",Tamilnadu State Pollution Control Board,Industrial Area,15.0,11.0,51.0,,
472,38,2014-10-30,Tamil Nadu,Chennai,"Kathivakkam, Municipal Kalyana Mandapam, Chennai",Tamilnadu State Pollution Control Board,Industrial Area,12.0,10.0,47.0,,
473,38,2014-06-11,Tamil Nadu,Chennai,"Kathivakkam, Municipal Kalyana Mandapam, Chennai",Tamilnadu State Pollution Control Board,Industrial Area,13.0,14.0,104.0,,
474,38,2014-11-11,Tamil Nadu,Chennai,"Kathivakkam, Municipal Kalyana Mandapam, Chennai",Tamilnadu State Pollution Control Board,Industrial Area,10.0,16.0,45.0,,
475,38,2014-11-13,Tamil Nadu,Chennai,"Kathivakkam, Municipal Kalyana Mandapam, Chennai",Tamilnadu State Pollution Control Board,Industrial Area,12.0,12.0,34.0,,
476,38,2014-11-18,Tamil Nadu,Chennai,"Kathivakkam, Municipal Kalyana Mandapam, Chennai",Tamilnadu State Pollution Control Board,Industrial Area,11.0,13.0,41.0,,
477,38,2014-11-20,Tamil Nadu,Chennai,"Kathivakkam, Municipal Kalyana Mandapam, Chennai",Tamilnadu State Pollution Control Board,Industrial Area,12.0,12.0,44.0,,
478,38,2014-11-25,Tamil Nadu,Chennai,"Kathivakkam, Municipal Kalyana Mandapam, Chennai",Tamilnadu State Pollution Control Board,Industrial Area,10.0,15.0,39.0,,
479,38,2014-11-27,Tamil Nadu,Chennai,"Kathivakkam, Municipal Kalyana Mandapam, Chennai",Tamilnadu State Pollution Control Board,Industrial Area,14.0,16.0,40.0,,
480,38,2014-02-12,Tamil Nadu,Chennai,"Kathivakkam, Municipal Kalyana Mandapam, Chennai",Tamilnadu State Pollution Control Board,Industrial Area,13.0,13.0,53.0,,
481,38,2014-04-12,Tamil Nadu,Chennai,"Kathivakkam, Municipal Kalyana Mandapam, Chennai",Tamilnadu State Pollution Control Board,Industrial Area,11.0,13.0,56.0,,
482,38,2014-09-12,Tamil Nadu,Chennai,"Kathivakkam, Municipal Kalyana Mandapam, Chennai",Tamilnadu State Pollution Control Board,Industrial Area,11.0,16.0,65.0,,
483,38,2014-11-12,Tamil Nadu,Chennai,"Kathivakkam, Municipal Kalyana Mandapam, Chennai",Tamilnadu State Pollution Control Board,Industrial Area,11.0,13.0,33.0,,
484,38,2014-12-16,Tamil Nadu,Chennai,"Kathivakkam, Municipal Kalyana Mandapam, Chennai",Tamilnadu State Pollution Control Board,Industrial Area,11.0,15.0,46.0,,
485,38,2014-12-18,Tamil Nadu,Chennai,"Kathivakkam, Municipal Kalyana Mandapam, Chennai",Tamilnadu State Pollution Control Board,Industrial Area,11.0,16.0,50.0,,
486,38,2014-12-23,Tamil Nadu,Chennai,"Kathivakkam, Municipal Kalyana Mandapam, Chennai",Tamilnadu State Pollution Control Board,Industrial Area,14.0,12.0,44.0,,
487,38,2014-12-30,Tamil Nadu,Chennai,"Kathivakkam, Municipal Kalyana Mandapam, Chennai",Tamilnadu State Pollution Control Board,Industrial Area,12.0,13.0,45.0,,
488,38,2015-01-06,Tamil Nadu,Chennai,"Kathivakkam, Municipal Kalyana Mandapam, Chennai",Tamilnadu State Pollution Control Board,Industrial Area,11.0,14.0,50.0,,
489,38,2015-01-20,Tamil Nadu,Chennai,"Kathivakkam, Municipal Kalyana Mandapam, Chennai",Tamilnadu State Pollution Control Board,Industrial Area,13.0,13.0,48.0,,
490,38,2015-01-22,Tamil Nadu,Chennai,"Kathivakkam, Municipal Kalyana Mandapam, Chennai",Tamilnadu State Pollution Control Board,Industrial Area,11.0,15.0,42.0,,
491,38,2015-01-27,Tamil Nadu,Chennai,"Kathivakkam, Municipal Kalyana Mandapam, Chennai",Tamilnadu State Pollution Control Board,Industrial Area,10.0,15.0,36.0,,
492,38,2015-01-29,Tamil Nadu,Chennai,"Kathivakkam, Municipal Kalyana Mandapam, Chennai",Tamilnadu State Pollution Control Board,Industrial Area,13.0,12.0,35.0,,
493,38,2015-02-03,Tamil Nadu,Chennai,"Kathivakkam, Municipal Kalyana Mandapam, Chennai",Tamilnadu State Pollution Control Board,Industrial Area,11.0,16.0,53.0,,
494,38,2015-02-05,Tamil Nadu,Chennai,"Kathivakkam, Municipal Kalyana Mandapam, Chennai",Tamilnadu State Pollution Control Board,Industrial Area,12.0,15.0,55.0,,
495,38,2015-02-10,Tamil Nadu,Chennai,"Kathivakkam, Municipal Kalyana Mandapam, Chennai",Tamilnadu State Pollution Control Board,Industrial Area,12.0,13.0,50.0,,
496,38,2015-02-12,Tamil Nadu,Chennai,"Kathivakkam, Municipal Kalyana Mandapam, Chennai",Tamilnadu State Pollution Control Board,Industrial Area,10.0,16.0,64.0,,
497,38,2015-02-17,Tamil Nadu,Chennai,"Kathivakkam, Municipal Kalyana Mandapam, Chennai",Tamilnadu State Pollution Control Board,Industrial Area,13.0,13.0,64.0,,
498,38,2015-02-19,Tamil Nadu,Chennai,"Kathivakkam, Municipal Kalyana Mandapam, Chennai",Tamilnadu State Pollution Control Board,Industrial Area,12.0,14.0,64.0,,
499,38,2015-02-24,Tamil Nadu,Chennai,"Kathivakkam, Municipal Kalyana Mandapam, Chennai",Tamilnadu State Pollution Control Board,Industrial Area,10.0,12.0,55.0,,
500,38,2015-02-26,Tamil Nadu,Chennai,"Kathivakkam, Municipal Kalyana Mandapam, Chennai",Tamilnadu State Pollution Control Board,Industrial Area,13.0,12.0,53.0,,
501,38,2015-03-03,Tamil Nadu,Chennai,"Kathivakkam, Municipal Kalyana Mandapam, Chennai",Tamilnadu State Pollution Control Board,Industrial Area,14.0,15.0,60.0,,47.0
502,38,2015-03-05,Tamil Nadu,Chennai,"Kathivakkam, Municipal Kalyana Mandapam, Chennai",Tamilnadu State Pollution Control Board,Industrial Area,13.0,16.0,48.0,,28.0
503,38,2015-03-10,Tamil Nadu,Chennai,"Kathivakkam, Municipal Kalyana Mandapam, Chennai",Tamilnadu State Pollution Control Board,Industrial Area,14.0,15.0,47.0,,24.0
504,38,2015-03-12,Tamil Nadu,Chennai,"Kathivakkam, Municipal Kalyana Mandapam, Chennai",Tamilnadu State Pollution Control Board,Industrial Area,14.0,13.0,36.0,,18.0
505,38,2015-03-17,Tamil Nadu,Chennai,"Kathivakkam, Municipal Kalyana Mandapam, Chennai",Tamilnadu State Pollution Control Board,Industrial Area,12.0,15.0,59.0,,38.0
506,38,2015-03-19,Tamil Nadu,Chennai,"Kathivakkam, Municipal Kalyana Mandapam, Chennai",Tamilnadu State Pollution Control Board,Industrial Area,10.0,15.0,52.0,,32.0
507,38,2015-03-24,Tamil Nadu,Chennai,"Kathivakkam, Municipal Kalyana Mandapam, Chennai",Tamilnadu State Pollution Control Board,Industrial Area,12.0,12.0,58.0,,35.0
508,38,2015-03-26,Tamil Nadu,Chennai,"Kathivakkam, Municipal Kalyana Mandapam, Chennai",Tamilnadu State Pollution Control Board,Industrial Area,14.0,13.0,45.0,,22.0
509,38,2015-03-31,Tamil Nadu,Chennai,"Kathivakkam, Municipal Kalyana Mandapam, Chennai",Tamilnadu State Pollution Control Board,Industrial Area,10.0,16.0,39.0,,21.0
510,38,2015-04-07,Tamil Nadu,Chennai,"Kathivakkam, Municipal Kalyana Mandapam, Chennai",Tamilnadu State Pollution Control Board,Industrial Area,12.0,15.0,46.0,,
511,38,2015-04-09,Tamil Nadu,Chennai,"Kathivakkam, Municipal Kalyana Mandapam, Chennai",Tamilnadu State Pollution Control Board,Industrial Area,12.0,16.0,35.0,,
512,38,2015-04-16,Tamil Nadu,Chennai,"Kathivakkam, Municipal Kalyana Mandapam, Chennai",Tamilnadu State Pollution Control Board,Industrial Area,14.0,13.0,37.0,,
513,38,2015-04-21,Tamil Nadu,Chennai,"Kathivakkam, Municipal Kalyana Mandapam, Chennai",Tamilnadu State Pollution Control Board,Industrial Area,12.0,14.0,36.0,,
514,38,2015-04-23,Tamil Nadu,Chennai,"Kathivakkam, Municipal Kalyana Mandapam, Chennai",Tamilnadu State Pollution Control Board,Industrial Area,11.0,16.0,82.0,,
515,38,2015-04-28,Tamil Nadu,Chennai,"Kathivakkam, Municipal Kalyana Mandapam, Chennai",Tamilnadu State Pollution Control Board,Industrial Area,15.0,13.0,48.0,,
516,38,2015-04-30,Tamil Nadu,Chennai,"Kathivakkam, Municipal Kalyana Mandapam, Chennai",Tamilnadu State Pollution Control Board,Industrial Area,10.0,17.0,51.0,,
517,38,2015-05-05,Tamil Nadu,Chennai,"Kathivakkam, Municipal Kalyana Mandapam, Chennai",Tamilnadu State Pollution Control Board,Industrial Area,12.0,17.0,33.0,,20.0
518,38,2015-05-07,Tamil Nadu,Chennai,"Kathivakkam, Municipal Kalyana Mandapam, Chennai",Tamilnadu State Pollution Control Board,Industrial Area,13.0,15.0,36.0,,24.0
519,38,2015-05-12,Tamil Nadu,Chennai,"Kathivakkam, Municipal Kalyana Mandapam, Chennai",Tamilnadu State Pollution Control Board,Industrial Area,15.0,13.0,44.0,,30.0
520,38,2015-05-14,Tamil Nadu,Chennai,"Kathivakkam, Municipal Kalyana Mandapam, Chennai",Tamilnadu State Pollution Control Board,Industrial Area,12.0,17.0,41.0,,29.0
521,38,2015-05-19,Tamil Nadu,Chennai,"Kathivakkam, Municipal Kalyana Mandapam, Chennai",Tamilnadu State Pollution Control Board,Industrial Area,15.0,18.0,57.0,,38.0
522,38,2015-05-21,Tamil Nadu,Chennai,"Kathivakkam, Municipal Kalyana Mandapam, Chennai",Tamilnadu State Pollution Control Board,Industrial Area,11.0,13.0,42.0,,37.0
523,38,2015-05-26,Tamil Nadu,Chennai,"Kathivakkam, Municipal Kalyana Mandapam, Chennai",Tamilnadu State Pollution Control Board,Industrial Area,12.0,14.0,42.0,,29.0
524,38,2015-05-28,Tamil Nadu,Chennai,"Kathivakkam, Municipal Kalyana Mandapam, Chennai",Tamilnadu State Pollution Control Board,Industrial Area,12.0,18.0,48.0,,42.0
525,38,2015-06-02,Tamil Nadu,Chennai,"Kathivakkam, Municipal Kalyana Mandapam, Chennai",Tamilnadu State Pollution Control Board,Industrial Area,12.0,17.0,64.0,,42.0
526,38,2015-06-04,Tamil Nadu,Chennai,"Kathivakkam, Municipal Kalyana Mandapam, Chennai",Tamilnadu State Pollution Control Board,Industrial Area,13.0,19.0,59.0,,38.0
527,38,2015-06-09,Tamil Nadu,Chennai,"Kathivakkam, Municipal Kalyana Mandapam, Chennai",Tamilnadu State Pollution Control Board,Industrial Area,16.0,22.0,36.0,,19.0
528,38,2015-06-11,Tamil Nadu,Chennai,"Kathivakkam, Municipal Kalyana Mandapam, Chennai",Tamilnadu State Pollution Control Board,Industrial Area,12.0,16.0,49.0,,26.0
529,38,2015-06-16,Tamil Nadu,Chennai,"Kathivakkam, Municipal Kalyana Mandapam, Chennai",Tamilnadu State Pollution Control Board,Industrial Area,,,,,22.0
530,38,2015-06-18,Tamil Nadu,Chennai,"Kathivakkam, Municipal Kalyana Mandapam, Chennai",Tamilnadu State Pollution Control Board,Industrial Area,14.0,17.0,47.0,,24.0
531,38,2015-06-23,Tamil Nadu,Chennai,"Kathivakkam, Municipal Kalyana Mandapam, Chennai",Tamilnadu State Pollution Control Board,Industrial Area,13.0,21.0,50.0,,36.0
532,38,2015-06-25,Tamil Nadu,Chennai,"Kathivakkam, Municipal Kalyana Mandapam, Chennai",Tamilnadu State Pollution Control Board,Industrial Area,11.0,16.0,53.0,,34.0
533,38,2015-06-30,Tamil Nadu,Chennai,"Kathivakkam, Municipal Kalyana Mandapam, Chennai",Tamilnadu State Pollution Control Board,Industrial Area,11.0,21.0,40.0,,28.0
534,38,2015-07-02,Tamil Nadu,Chennai,"Kathivakkam, Municipal Kalyana Mandapam, Chennai",Tamilnadu State Pollution Control Board,Industrial Area,13.0,18.0,56.0,,32.0
535,38,2015-07-07,Tamil Nadu,Chennai,"Kathivakkam, Municipal Kalyana Mandapam, Chennai",Tamilnadu State Pollution Control Board,Industrial Area,12.0,19.0,61.0,,38.0
536,38,2015-07-09,Tamil Nadu,Chennai,"Kathivakkam, Municipal Kalyana Mandapam, Chennai",Tamilnadu State Pollution Control Board,Industrial Area,14.0,18.0,49.0,,30.0
537,38,2015-07-14,Tamil Nadu,Chennai,"Kathivakkam, Municipal Kalyana Mandapam, Chennai",Tamilnadu State Pollution Control Board,Industrial Area,15.0,16.0,42.0,,28.0
538,38,2015-07-16,Tamil Nadu,Chennai,"Kathivakkam, Municipal Kalyana Mandapam, Chennai",Tamilnadu State Pollution Control Board,Industrial Area,11.0,15.0,40.0,,22.0
539,38,2015-07-21,Tamil Nadu,Chennai,"Kathivakkam, Municipal Kalyana Mandapam, Chennai",Tamilnadu State Pollution Control Board,Industrial Area,11.0,16.0,43.0,,26.0
540,38,2015-07-23,Tamil Nadu,Chennai,"Kathivakkam, Municipal Kalyana Mandapam, Chennai",Tamilnadu State Pollution Control Board,Industrial Area,13.0,19.0,38.0,,20.0
541,38,2015-07-28,Tamil Nadu,Chennai,"Kathivakkam, Municipal Kalyana Mandapam, Chennai",Tamilnadu State Pollution Control Board,Industrial Area,11.0,16.0,51.0,,38.0
542,38,2015-08-04,Tamil Nadu,Chennai,"Kathivakkam, Municipal Kalyana Mandapam, Chennai",Tamilnadu State Pollution Control Board,Industrial Area,12.0,15.0,44.0,,24.0
543,38,2015-08-06,Tamil Nadu,Chennai,"Kathivakkam, Municipal Kalyana Mandapam, Chennai",Tamilnadu State Pollution Control Board,Industrial Area,14.0,17.0,42.0,,19.0
544,38,2015-08-11,Tamil Nadu,Chennai,"Kathivakkam, Municipal Kalyana Mandapam, Chennai",Tamilnadu State Pollution Control Board,Industrial Area,14.0,17.0,52.0,,33.0
545,38,2015-08-13,Tamil Nadu,Chennai,"Kathivakkam, Municipal Kalyana Mandapam, Chennai",Tamilnadu State Pollution Control Board,Industrial Area,12.0,15.0,41.0,,
546,38,2015-08-18,Tamil Nadu,Chennai,"Kathivakkam, Municipal Kalyana Mandapam, Chennai",Tamilnadu State Pollution Control Board,Industrial Area,14.0,16.0,42.0,,28.0
547,38,2015-08-20,Tamil Nadu,Chennai,"Kathivakkam, Municipal Kalyana Mandapam, Chennai",Tamilnadu State Pollution Control Board,Industrial Area,17.0,18.0,64.0,,22.0
548,38,2015-08-25,Tamil Nadu,Chennai,"Kathivakkam, Municipal Kalyana Mandapam, Chennai",Tamilnadu State Pollution Control Board,Industrial Area,13.0,14.0,64.0,,42.0
549,38,2015-08-27,Tamil Nadu,Chennai,"Kathivakkam, Municipal Kalyana Mandapam, Chennai",Tamilnadu State Pollution Control Board,Industrial Area,15.0,17.0,29.0,,18.0
550,38,2015-10-01,Tamil Nadu,Chennai,"Kathivakkam, Municipal Kalyana Mandapam, Chennai",Tamilnadu State Pollution Control Board,Industrial Area,11.0,17.0,41.0,,25.0
551,38,2015-10-06,Tamil Nadu,Chennai,"Kathivakkam, Municipal Kalyana Mandapam, Chennai",Tamilnadu State Pollution Control Board,Industrial Area,12.0,16.0,33.0,,21.0
552,38,2015-10-08,Tamil Nadu,Chennai,"Kathivakkam, Municipal Kalyana Mandapam, Chennai",Tamilnadu State Pollution Control Board,Industrial Area,14.0,15.0,42.0,,26.0
553,38,2015-10-13,Tamil Nadu,Chennai,"Kathivakkam, Municipal Kalyana Mandapam, Chennai",Tamilnadu State Pollution Control Board,Industrial Area,11.0,17.0,44.0,,30.0
554,38,2015-10-15,Tamil Nadu,Chennai,"Kathivakkam, Municipal Kalyana Mandapam, Chennai",Tamilnadu State Pollution Control Board,Industrial Area,12.0,18.0,39.0,,24.0
555,38,2015-10-20,Tamil Nadu,Chennai,"Kathivakkam, Municipal Kalyana Mandapam, Chennai",Tamilnadu State Pollution Control Board,Industrial Area,15.0,13.0,28.0,,18.0
556,38,2015-10-27,Tamil Nadu,Chennai,"Kathivakkam, Municipal Kalyana Mandapam, Chennai",Tamilnadu State Pollution Control Board,Industrial Area,12.0,17.0,34.0,,20.0
557,38,2015-10-29,Tamil Nadu,Chennai,"Kathivakkam, Municipal Kalyana Mandapam, Chennai",Tamilnadu State Pollution Control Board,Industrial Area,14.0,15.0,28.0,,15.0
558,38,2015-11-03,Tamil Nadu,Chennai,"Kathivakkam, Municipal Kalyana Mandapam, Chennai",Tamilnadu State Pollution Control Board,Industrial Area,11.0,16.0,40.0,,28.0
559,38,2015-11-05,Tamil Nadu,Chennai,"Kathivakkam, Municipal Kalyana Mandapam, Chennai",Tamilnadu State Pollution Control Board,Industrial Area,12.0,18.0,27.0,,17.0
560,38,2015-11-10,Tamil Nadu,Chennai,"Kathivakkam, Municipal Kalyana Mandapam, Chennai",Tamilnadu State Pollution Control Board,Industrial Area,18.0,24.0,30.0,,18.0
561,38,2015-11-12,Tamil Nadu,Chennai,"Kathivakkam, Municipal Kalyana Mandapam, Chennai",Tamilnadu State Pollution Control Board,Industrial Area,14.0,17.0,28.0,,16.0
562,38,2015-11-17,Tamil Nadu,Chennai,"Kathivakkam, Municipal Kalyana Mandapam, Chennai",Tamilnadu State Pollution Control Board,Industrial Area,13.0,14.0,28.0,,18.0
563,38,2015-11-19,Tamil Nadu,Chennai,"Kathivakkam, Municipal Kalyana Mandapam, Chennai",Tamilnadu State Pollution Control Board,Industrial Area,12.0,16.0,41.0,,25.0
564,38,2015-11-24,Tamil Nadu,Chennai,"Kathivakkam, Municipal Kalyana Mandapam, Chennai",Tamilnadu State Pollution Control Board,Industrial Area,13.0,16.0,36.0,,21.0
565,38,2015-11-26,Tamil Nadu,Chennai,"Kathivakkam, Municipal Kalyana Mandapam, Chennai",Tamilnadu State Pollution Control Board,Industrial Area,14.0,14.0,42.0,,26.0
566,38,2015-12-03,Tamil Nadu,Chennai,"Kathivakkam, Municipal Kalyana Mandapam, Chennai",Tamilnadu State Pollution Control Board,Industrial Area,11.0,12.0,36.0,,18.0
567,38,2015-12-08,Tamil Nadu,Chennai,"Kathivakkam, Municipal Kalyana Mandapam, Chennai",Tamilnadu State Pollution Control Board,Industrial Area,12.0,12.0,46.0,,26.0
568,38,2015-12-10,Tamil Nadu,Chennai,"Kathivakkam, Municipal Kalyana Mandapam, Chennai",Tamilnadu State Pollution Control Board,Industrial Area,,,,,20.0
569,38,2015-12-15,Tamil Nadu,Chennai,"Kathivakkam, Municipal Kalyana Mandapam, Chennai",Tamilnadu State Pollution Control Board,Industrial Area,13.0,14.0,37.0,,20.0
570,38,2015-12-17,Tamil Nadu,Chennai,"Kathivakkam, Municipal Kalyana Mandapam, Chennai",Tamilnadu State Pollution Control Board,Industrial Area,15.0,15.0,32.0,,17.0
571,38,2015-12-22,Tamil Nadu,Chennai,"Kathivakkam, Municipal Kalyana Mandapam, Chennai",Tamilnadu State Pollution Control Board,Industrial Area,14.0,16.0,32.0,,18.0
572,38,2015-12-29,Tamil Nadu,Chennai,"Kathivakkam, Municipal Kalyana Mandapam, Chennai",Tamilnadu State Pollution Control Board,Industrial Area,12.0,17.0,44.0,,25.0
573,38,2015-12-31,Tamil Nadu,Chennai,"Kathivakkam, Municipal Kalyana Mandapam, Chennai",Tamilnadu State Pollution Control Board,Industrial Area,12.0,13.0,39.0,,23.0
